file	format	type	num_seqs	sum_len	min_len	avg_len	max_len	Q1	Q2	Q3	sum_gap	N50	N50_num	Q20(%)	Q30(%)	AvgQual	GC(%)	sum_n
GOMC.bin.10027	FASTA	DNA	590	5007018	1500	8486.5	79977	2431	4684	10820	0	15272	98	0	0	0.00	65.97	0
GOMC.bin.10037	FASTA	DNA	881	6342371	1501	7199.1	51156	3033	5081	9242	0	10127	193	0	0	0.00	46.56	0
GOMC.bin.10082	FASTA	DNA	495	3581699	1506	7235.8	39465	2692	5238	9700	0	10560	107	0	0	0.00	40.17	0
GOMC.bin.10102	FASTA	DNA	151	4160111	1520	27550.4	386529	2336	10192	35888	0	65890	18	0	0	0.00	30.90	0
GOMC.bin.10144	FASTA	DNA	519	3872192	1500	7460.9	42010	2847	4944	9893	0	11625	104	0	0	0.00	67.14	0
GOMC.bin.10150	FASTA	DNA	229	2944110	1533	12856.4	116790	2927	5816	14585	0	26774	28	0	0	0.00	66.08	0
GOMC.bin.10181	FASTA	DNA	181	3660358	1718	20223.0	122346	6993	14689	28450	0	32026	40	0	0	0.00	51.43	0
GOMC.bin.10187	FASTA	DNA	61	1669308	2269	27365.7	124051	8403	21744	28852	0	47297	12	0	0	0.00	59.95	0
GOMC.bin.10212	FASTA	DNA	810	2632033	1503	3249.4	23919	2007	2614	3816	0	3576	235	0	0	0.00	53.76	0
GOMC.bin.10260	FASTA	DNA	64	4190414	1969	65475.2	273215	13186	34496	111620	0	134501	11	0	0	0.00	45.47	0
GOMC.bin.10263	FASTA	DNA	84	2259700	1522	26901.2	157798	3846	17172	39398	0	48973	14	0	0	0.00	36.52	0
GOMC.bin.10275	FASTA	DNA	166	4350288	1778	26206.6	159112	7878	18254	32302	0	42226	30	0	0	0.00	53.08	0
GOMC.bin.10308	FASTA	DNA	398	2752116	1506	6914.9	42635	2899	4722	8364	0	9797	82	0	0	0.00	51.04	0
GOMC.bin.10460	FASTA	DNA	211	2815602	1594	13344.1	81350	5036	9544	16926	0	20362	43	0	0	0.00	41.59	0
GOMC.bin.10515	FASTA	DNA	149	2327736	1569	15622.4	70198	6194	11738	21612	0	24081	34	0	0	0.00	46.83	0
GOMC.bin.10698	FASTA	DNA	261	2496840	1501	9566.4	82957	2911	5943	12260	0	15134	46	0	0	0.00	38.44	0
GOMC.bin.10723	FASTA	DNA	65	2114701	1714	32533.9	170023	10570	28078	42302	0	55654	14	0	0	0.00	67.19	0
GOMC.bin.10724	FASTA	DNA	573	3303617	1514	5765.5	41773	2802	4225	7416	0	7535	136	0	0	0.00	60.76	0
GOMC.bin.10855	FASTA	DNA	231	1655512	1510	7166.7	35485	3183	5349	9586	0	10026	52	0	0	0.00	40.41	0
GOMC.bin.10872	FASTA	DNA	191	1622521	1582	8494.9	36721	3770	6724	11340	0	11454	48	0	0	0.00	37.29	0
GOMC.bin.1088	FASTA	DNA	502	3128914	1002	6232.9	50319	2049	3872	7722	0	10680	89	0	0	0.00	53.30	0
GOMC.bin.1089	FASTA	DNA	196	4457827	2392	22744.0	103102	7311	16365	28645	0	33462	38	0	0	0.00	29.81	0
GOMC.bin.10962	FASTA	DNA	630	3965120	1516	6293.8	61942	3163	4786	7669	0	7766	150	0	0	0.00	59.61	0
GOMC.bin.10966	FASTA	DNA	530	3071344	1504	5795.0	48439	2438	4114	7467	0	7924	114	0	0	0.00	69.33	0
GOMC.bin.10984	FASTA	DNA	36	1392419	1521	38678.3	174550	2735	20044	63008	0	79779	6	0	0	0.00	35.47	0
GOMC.bin.11033	FASTA	DNA	83	2925849	2606	35251.2	150534	12574	23597	43274	0	54505	16	0	0	0.00	48.26	0
GOMC.bin.11045	FASTA	DNA	283	3840621	1504	13571.1	129187	2722	6552	16389	0	30391	38	0	0	0.00	62.20	0
GOMC.bin.11064	FASTA	DNA	217	4605659	1500	21224.2	255691	3022	6578	18306	0	75397	18	0	0	0.00	54.09	0
GOMC.bin.11145	FASTA	DNA	396	2388343	1500	6031.2	29575	2671	4496	7794	0	8273	89	0	0	0.00	56.89	0
GOMC.bin.11176	FASTA	DNA	444	7668802	1545	17272.1	211035	4184	10181	22181	0	31056	70	0	0	0.00	66.00	0
GOMC.bin.11181	FASTA	DNA	741	2844297	1503	3838.5	22636	2160	3073	4664	0	4423	198	0	0	0.00	70.42	0
GOMC.bin.11194	FASTA	DNA	624	2244126	1505	3596.4	20505	2196	2940	4340	0	3974	182	0	0	0.00	42.39	0
GOMC.bin.11223	FASTA	DNA	421	2725795	1517	6474.6	34973	2434	4418	8248	0	9710	85	0	0	0.00	62.58	0
GOMC.bin.11235	FASTA	DNA	754	3020476	1501	4005.9	38982	1997	2940	4630	0	4865	176	0	0	0.00	37.08	0
GOMC.bin.11268	FASTA	DNA	750	3220958	1511	4294.6	29658	2196	3148	5019	0	5220	178	0	0	0.00	58.53	0
GOMC.bin.11292	FASTA	DNA	83	2800408	1690	33739.9	191591	9833	19028	47577	0	60072	16	0	0	0.00	62.27	0
GOMC.bin.11303	FASTA	DNA	68	2642927	3596	38866.6	127202	13476	37535	58134	0	66527	16	0	0	0.00	44.25	0
GOMC.bin.11361	FASTA	DNA	457	1495700	1500	3272.9	13595	2273	2806	3792	0	3429	150	0	0	0.00	51.61	0
GOMC.bin.11376	FASTA	DNA	635	2420752	1502	3812.2	29900	2130	2989	4519	0	4328	170	0	0	0.00	61.83	0
GOMC.bin.11383	FASTA	DNA	100	351229	1554	3512.3	11920	2082	2846	4093	0	3678	29	0	0	0.00	41.61	0
GOMC.bin.11391	FASTA	DNA	511	1546122	1502	3025.7	12733	1902	2486	3497	0	3130	155	0	0	0.00	63.88	0
GOMC.bin.11393	FASTA	DNA	784	2343519	1502	2989.2	27840	1924	2448	3526	0	3165	237	0	0	0.00	61.96	0
GOMC.bin.11416	FASTA	DNA	16	2305723	9095	144107.7	494525	30276	50990	215226	0	363519	3	0	0	0.00	47.33	0
GOMC.bin.11457	FASTA	DNA	60	3283083	1749	54718.1	265350	18098	40756	81860	0	86408	13	0	0	0.00	39.15	0
GOMC.bin.11487	FASTA	DNA	77	4503719	1548	58489.9	376135	12710	37581	66369	0	110910	12	0	0	0.00	41.60	0
GOMC.bin.11499	FASTA	DNA	426	3556906	1530	8349.5	44365	3648	6209	10674	0	11443	94	0	0	0.00	40.72	0
GOMC.bin.11519	FASTA	DNA	528	3768118	1500	7136.6	40444	3038	5144	9148	0	9954	118	0	0	0.00	38.06	0
GOMC.bin.11551	FASTA	DNA	85	3864377	2155	45463.3	235740	11251	32175	58684	0	74764	15	0	0	0.00	69.15	0
GOMC.bin.11554	FASTA	DNA	325	3265208	1540	10046.8	97815	3682	7128	13190	0	14991	67	0	0	0.00	35.17	0
GOMC.bin.11558	FASTA	DNA	597	5979128	1600	10015.3	50541	4756	7819	12834	0	13013	145	0	0	0.00	48.95	0
GOMC.bin.11562	FASTA	DNA	415	2248018	1504	5416.9	24015	2719	4112	6658	0	6712	102	0	0	0.00	35.38	0
GOMC.bin.115	FASTA	DNA	254	964608	1003	3797.7	19110	2093	3054	4461	0	4394	67	0	0	0.00	40.07	0
GOMC.bin.11680	FASTA	DNA	678	5928834	1505	8744.6	56777	3313	5904	10765	0	12628	134	0	0	0.00	35.30	0
GOMC.bin.11724	FASTA	DNA	807	3705176	1503	4591.3	22181	2412	3506	5895	0	5794	205	0	0	0.00	64.65	0
GOMC.bin.1176	FASTA	DNA	454	1242278	1005	2736.3	23344	1585	2230	3334	0	3173	128	0	0	0.00	46.69	0
GOMC.bin.1178	FASTA	DNA	317	2354656	1548	7427.9	33953	4168	6065	8689	0	8488	88	0	0	0.00	39.82	0
GOMC.bin.11816	FASTA	DNA	651	2121913	1502	3259.5	12152	2118	2802	3907	0	3563	203	0	0	0.00	39.02	0
GOMC.bin.11817	FASTA	DNA	614	3389979	1500	5521.1	35033	2667	4054	6724	0	6895	143	0	0	0.00	61.89	0
GOMC.bin.1183	FASTA	DNA	713	2439415	1000	3421.3	24382	1397	2112	4100	0	5080	138	0	0	0.00	58.49	0
GOMC.bin.11879	FASTA	DNA	11	1798326	1553	163484.2	658840	22870	57095	152904	0	537966	2	0	0	0.00	38.05	0
GOMC.bin.118	FASTA	DNA	259	1514744	1011	5848.4	34783	2484	4020	7954	0	8435	57	0	0	0.00	38.37	0
GOMC.bin.12023	FASTA	DNA	730	2678206	1502	3668.8	17154	2110	2930	4382	0	4152	204	0	0	0.00	66.42	0
GOMC.bin.12041	FASTA	DNA	715	2439559	1503	3412.0	30522	1964	2686	3928	0	3724	193	0	0	0.00	65.43	0
GOMC.bin.12045	FASTA	DNA	158	3470073	1531	21962.5	245797	3892	11252	26741	0	45944	23	0	0	0.00	51.24	0
GOMC.bin.12048	FASTA	DNA	918	4159116	1504	4530.6	23148	2382	3484	5619	0	5526	228	0	0	0.00	44.60	0
GOMC.bin.12136	FASTA	DNA	242	2353968	1538	9727.1	60046	3646	7124	12375	0	13887	51	0	0	0.00	69.75	0
GOMC.bin.12181	FASTA	DNA	61	410558	1616	6730.5	20899	3229	5413	9072	0	9072	16	0	0	0.00	32.44	0
GOMC.bin.12194	FASTA	DNA	516	3599311	1507	6975.4	41842	2826	5110	8850	0	9398	111	0	0	0.00	68.32	0
GOMC.bin.12213	FASTA	DNA	385	1468992	1524	3815.6	16021	2162	3110	4470	0	4338	108	0	0	0.00	43.73	0
GOMC.bin.12228	FASTA	DNA	125	3770650	1524	30165.2	251894	4588	13076	36458	0	67104	15	0	0	0.00	63.15	0
GOMC.bin.12231	FASTA	DNA	275	1962461	1513	7136.2	40804	3294	5432	9136	0	9357	65	0	0	0.00	41.84	0
GOMC.bin.12326	FASTA	DNA	52	3453844	3084	66420.1	526669	11913	30595	90865	0	140316	8	0	0	0.00	52.39	0
GOMC.bin.12330	FASTA	DNA	55	2650214	4472	48185.7	268510	17558	34226	60860	0	71020	11	0	0	0.00	50.61	0
GOMC.bin.1235	FASTA	DNA	658	2023067	1002	3074.6	61058	1616	2300	3574	0	3585	161	0	0	0.00	36.60	0
GOMC.bin.12375	FASTA	DNA	41	623276	1605	15201.9	63317	5976	10443	18374	0	27079	8	0	0	0.00	49.04	0
GOMC.bin.1238	FASTA	DNA	237	2564245	1509	10819.6	54714	3532	7500	15357	0	17321	48	0	0	0.00	57.01	0
GOMC.bin.1240	FASTA	DNA	249	4176069	1550	16771.4	106274	4940	11211	21991	0	29619	46	0	0	0.00	41.64	0
GOMC.bin.1244	FASTA	DNA	85	1564706	2087	18408.3	89100	7869	13307	22050	0	25412	17	0	0	0.00	46.87	0
GOMC.bin.1251	FASTA	DNA	233	881216	1502	3782.0	18231	2384	3044	4381	0	4185	67	0	0	0.00	41.98	0
GOMC.bin.1254	FASTA	DNA	399	2696170	1609	6757.3	35777	3552	5194	8004	0	7985	102	0	0	0.00	29.92	0
GOMC.bin.12598	FASTA	DNA	334	1360143	1510	4072.3	27017	2005	2960	4662	0	4941	79	0	0	0.00	62.37	0
GOMC.bin.12611	FASTA	DNA	213	687207	1501	3226.3	10584	1936	2589	4004	0	3771	63	0	0	0.00	34.40	0
GOMC.bin.12627	FASTA	DNA	469	1776919	1525	3788.7	13120	2287	3068	4553	0	4257	131	0	0	0.00	46.90	0
GOMC.bin.12797	FASTA	DNA	195	694576	1501	3561.9	18516	2174	3025	4422	0	3957	59	0	0	0.00	55.84	0
GOMC.bin.12798	FASTA	DNA	103	2394104	1774	23243.7	124718	4863	14491	36282	0	40490	20	0	0	0.00	63.62	0
GOMC.bin.12821	FASTA	DNA	623	2111569	1501	3389.4	19282	2112	2821	4112	0	3700	184	0	0	0.00	52.22	0
GOMC.bin.12959	FASTA	DNA	295	2726002	1549	9240.7	59582	3787	6704	12168	0	13107	63	0	0	0.00	60.99	0
GOMC.bin.13001	FASTA	DNA	64	556130	2176	8689.5	25536	4188	6594	11602	0	11683	16	0	0	0.00	47.53	0
GOMC.bin.13017	FASTA	DNA	426	3420149	1503	8028.5	54410	3272	5823	10632	0	11327	94	0	0	0.00	50.71	0
GOMC.bin.13118	FASTA	DNA	507	2049154	1503	4041.7	30434	2050	2930	4692	0	4801	123	0	0	0.00	38.38	0
GOMC.bin.13177	FASTA	DNA	88	3459093	1626	39307.9	251228	11049	26398	47888	0	66581	15	0	0	0.00	35.78	0
GOMC.bin.13264	FASTA	DNA	191	2878070	1511	15068.4	75339	4600	10018	20004	0	27838	35	0	0	0.00	64.53	0
GOMC.bin.13354	FASTA	DNA	295	1973436	1516	6689.6	32005	3028	5182	9116	0	9428	71	0	0	0.00	37.12	0
GOMC.bin.13387	FASTA	DNA	150	4153319	1517	27688.8	190289	6998	17926	35924	0	49386	26	0	0	0.00	64.98	0
GOMC.bin.13438	FASTA	DNA	64	1772067	1695	27688.5	154918	4502	12266	38492	0	64731	9	0	0	0.00	43.41	0
GOMC.bin.13478	FASTA	DNA	268	2491008	1514	9294.8	52895	2811	6096	12356	0	15023	52	0	0	0.00	57.62	0
GOMC.bin.13498	FASTA	DNA	462	2268338	1510	4909.8	19140	2556	3874	6417	0	6211	123	0	0	0.00	42.44	0
GOMC.bin.13500	FASTA	DNA	403	2780488	1509	6899.5	37395	2752	4877	9294	0	9717	88	0	0	0.00	36.87	0
GOMC.bin.13506	FASTA	DNA	713	2858492	1507	4009.1	22428	2178	3031	4956	0	4682	186	0	0	0.00	49.84	0
GOMC.bin.1350	FASTA	DNA	32	650723	1779	20335.1	107423	2887	9198	29236	0	39501	5	0	0	0.00	41.55	0
GOMC.bin.13513	FASTA	DNA	953	4660585	1507	4890.4	26008	2429	3576	6004	0	6211	226	0	0	0.00	52.54	0
GOMC.bin.13604	FASTA	DNA	87	1434485	2585	16488.3	67197	6534	10913	21196	0	26286	17	0	0	0.00	49.91	0
GOMC.bin.13629	FASTA	DNA	185	1186096	1592	6411.3	29336	2822	4941	8169	0	8331	43	0	0	0.00	38.03	0
GOMC.bin.1363	FASTA	DNA	36	816771	1657	22688.1	156713	2496	3914	30543	0	75742	4	0	0	0.00	38.21	0
GOMC.bin.13663	FASTA	DNA	227	3165419	1504	13944.6	157241	3742	7592	19096	0	25434	38	0	0	0.00	32.62	0
GOMC.bin.136	FASTA	DNA	480	1566634	1005	3263.8	24316	1582	2332	3843	0	4190	109	0	0	0.00	39.06	0
GOMC.bin.13727	FASTA	DNA	459	2142734	1503	4668.3	30107	2272	3364	5668	0	5826	108	0	0	0.00	57.40	0
GOMC.bin.13728	FASTA	DNA	276	2651572	1520	9607.1	87194	2930	5376	9737	0	18231	39	0	0	0.00	64.05	0
GOMC.bin.1377	FASTA	DNA	617	2655885	1517	4304.5	46232	2518	3376	5102	0	4889	168	0	0	0.00	49.80	0
GOMC.bin.13806	FASTA	DNA	30	1410972	1987	47032.4	296423	5803	16964	49954	0	99064	4	0	0	0.00	30.81	0
GOMC.bin.1380	FASTA	DNA	236	857628	1590	3634.0	18237	2255	3013	4303	0	3934	72	0	0	0.00	48.31	0
GOMC.bin.13827	FASTA	DNA	435	4017984	1583	9236.7	69163	3880	6803	12087	0	12736	96	0	0	0.00	45.82	0
GOMC.bin.13856	FASTA	DNA	24	784122	2490	32671.8	76838	10776	34674	45520	0	44971	7	0	0	0.00	38.80	0
GOMC.bin.13881	FASTA	DNA	228	5692120	1541	24965.4	205224	4323	10916	37280	0	55035	34	0	0	0.00	33.15	0
GOMC.bin.13918	FASTA	DNA	466	4714360	1505	10116.7	114328	3648	6242	11480	0	15944	81	0	0	0.00	39.10	0
GOMC.bin.14000	FASTA	DNA	410	5394072	1507	13156.3	71159	4762	9622	17602	0	19009	88	0	0	0.00	54.60	0
GOMC.bin.14006	FASTA	DNA	214	2833446	1551	13240.4	85921	3995	8076	17036	0	22944	38	0	0	0.00	50.17	0
GOMC.bin.14047	FASTA	DNA	30	1677670	2206	55922.3	353303	11153	32149	73988	0	89870	5	0	0	0.00	34.27	0
GOMC.bin.14104	FASTA	DNA	696	11042267	1508	15865.3	131747	5988	11841	20587	0	22685	148	0	0	0.00	72.34	0
GOMC.bin.1413	FASTA	DNA	131	753982	1001	5755.6	29060	2123	3679	7845	0	8781	28	0	0	0.00	50.19	0
GOMC.bin.14235	FASTA	DNA	53	769658	1867	14521.8	65040	5863	11393	19044	0	20873	11	0	0	0.00	35.28	0
GOMC.bin.14252	FASTA	DNA	189	1216310	1697	6435.5	29423	3298	5351	8184	0	8042	50	0	0	0.00	45.43	0
GOMC.bin.14271	FASTA	DNA	35	2525201	2543	72148.6	289971	12611	60350	118536	0	127777	8	0	0	0.00	50.09	0
GOMC.bin.14283	FASTA	DNA	72	2050854	2341	28484.1	139272	8469	17748	36948	0	48679	14	0	0	0.00	47.70	0
GOMC.bin.14328	FASTA	DNA	207	1685111	1567	8140.6	42817	3288	5938	9475	0	11197	44	0	0	0.00	47.66	0
GOMC.bin.14343	FASTA	DNA	740	6628493	1525	8957.4	186694	3280	5944	10982	0	13012	140	0	0	0.00	61.43	0
GOMC.bin.14398	FASTA	DNA	147	3108106	1598	21143.6	124098	7015	14951	29865	0	34999	30	0	0	0.00	59.77	0
GOMC.bin.14474	FASTA	DNA	100	695763	1503	6957.6	26605	2986	5322	7950	0	8761	23	0	0	0.00	38.76	0
GOMC.bin.14572	FASTA	DNA	231	2445701	1547	10587.5	61994	3874	7745	12888	0	15550	48	0	0	0.00	43.66	0
GOMC.bin.1460	FASTA	DNA	121	1386448	2252	11458.2	53510	6305	8187	13420	0	13627	30	0	0	0.00	44.15	0
GOMC.bin.14654	FASTA	DNA	100	557044	1534	5570.4	45860	2508	3670	5932	0	6914	21	0	0	0.00	45.98	0
GOMC.bin.14661	FASTA	DNA	750	2997616	1502	3996.8	44558	2008	2821	4604	0	4840	174	0	0	0.00	66.57	0
GOMC.bin.14662	FASTA	DNA	275	1856462	1502	6750.8	42611	2492	4378	8765	0	10829	53	0	0	0.00	62.49	0
GOMC.bin.14665	FASTA	DNA	876	2796259	1500	3192.1	34123	1889	2484	3537	0	3321	233	0	0	0.00	61.36	0
GOMC.bin.14666	FASTA	DNA	669	5295537	1503	7915.6	98979	2826	5110	9944	0	12382	127	0	0	0.00	69.13	0
GOMC.bin.14668	FASTA	DNA	571	3866074	1504	6770.7	38388	2690	5011	8808	0	9536	126	0	0	0.00	62.95	0
GOMC.bin.14687	FASTA	DNA	288	1857337	1547	6449.1	29063	3762	5498	7896	0	7324	85	0	0	0.00	49.93	0
GOMC.bin.14701	FASTA	DNA	161	1700126	1500	10559.8	83599	3830	7918	13583	0	15076	36	0	0	0.00	33.55	0
GOMC.bin.1471	FASTA	DNA	718	1535187	1002	2138.1	12474	1298	1704	2422	0	2291	200	0	0	0.00	48.76	0
GOMC.bin.14735	FASTA	DNA	215	1648737	1527	7668.5	37008	3311	5584	9706	0	10491	48	0	0	0.00	32.72	0
GOMC.bin.14794	FASTA	DNA	60	1741923	1993	29032.1	130117	9876	22559	37264	0	42582	13	0	0	0.00	48.59	0
GOMC.bin.14797	FASTA	DNA	495	2983709	1507	6027.7	85684	2437	3953	6537	0	8475	94	0	0	0.00	66.89	0
GOMC.bin.14871	FASTA	DNA	898	5940466	1500	6615.2	71063	2507	4468	8280	0	9558	181	0	0	0.00	37.08	0
GOMC.bin.14875	FASTA	DNA	189	2296425	1514	12150.4	60060	4926	9632	15324	0	16201	42	0	0	0.00	50.60	0
GOMC.bin.14885	FASTA	DNA	395	3142460	1506	7955.6	89465	2226	4144	8936	0	13582	56	0	0	0.00	37.54	0
GOMC.bin.1490	FASTA	DNA	430	1378019	1500	3204.7	16696	2004	2590	3841	0	3531	127	0	0	0.00	43.96	0
GOMC.bin.14912	FASTA	DNA	340	2034092	1515	5982.6	34640	2639	4262	7873	0	8462	77	0	0	0.00	59.95	0
GOMC.bin.14917	FASTA	DNA	416	1313545	1513	3157.6	21638	1957	2501	3648	0	3409	115	0	0	0.00	65.68	0
GOMC.bin.14924	FASTA	DNA	539	3516901	1524	6524.9	32351	3309	5043	7903	0	7982	131	0	0	0.00	50.91	0
GOMC.bin.14958	FASTA	DNA	277	1258389	1517	4542.9	29227	2606	3737	5641	0	5421	77	0	0	0.00	50.01	0
GOMC.bin.14959	FASTA	DNA	580	3445111	1502	5939.8	28783	2602	4110	7437	0	7982	125	0	0	0.00	68.42	0
GOMC.bin.1502	FASTA	DNA	155	797082	1102	5142.5	20155	2754	4230	6744	0	6389	44	0	0	0.00	39.34	0
GOMC.bin.15046	FASTA	DNA	285	2822973	1513	9905.2	273177	2899	4463	8266	0	21942	31	0	0	0.00	63.55	0
GOMC.bin.1507	FASTA	DNA	674	1239714	1001	1839.3	10892	1247	1620	2196	0	1884	211	0	0	0.00	50.96	0
GOMC.bin.15086	FASTA	DNA	494	2437771	1504	4934.8	21912	2708	4061	6235	0	6030	136	0	0	0.00	34.09	0
GOMC.bin.15111	FASTA	DNA	245	5851931	1533	23885.4	136243	7956	17982	34422	0	37359	53	0	0	0.00	46.22	0
GOMC.bin.15177	FASTA	DNA	920	4167484	1504	4529.9	25028	2344	3484	5618	0	5553	233	0	0	0.00	54.30	0
GOMC.bin.15273	FASTA	DNA	228	3636396	1570	15949.1	95504	3496	8823	21732	0	30702	36	0	0	0.00	42.52	0
GOMC.bin.15276	FASTA	DNA	206	2453386	1557	11909.6	88427	3297	6513	17912	0	21477	36	0	0	0.00	32.73	0
GOMC.bin.15316	FASTA	DNA	99	804353	1581	8124.8	37371	3132	5075	10617	0	12092	21	0	0	0.00	35.29	0
GOMC.bin.15317	FASTA	DNA	494	3406233	1508	6895.2	38626	3182	4940	9114	0	9742	114	0	0	0.00	44.53	0
GOMC.bin.15325	FASTA	DNA	737	2991074	1502	4058.4	44315	2123	2976	5041	0	5000	184	0	0	0.00	30.12	0
GOMC.bin.15349	FASTA	DNA	553	3864424	1501	6988.1	44132	3201	5047	8625	0	8893	127	0	0	0.00	41.15	0
GOMC.bin.15365	FASTA	DNA	125	2665365	1507	21322.9	135397	3676	10095	26875	0	45897	19	0	0	0.00	46.29	0
GOMC.bin.15368	FASTA	DNA	807	7999254	1534	9912.3	59579	4318	7294	12926	0	13687	186	0	0	0.00	49.82	0
GOMC.bin.15370	FASTA	DNA	265	1420561	1600	5360.6	24457	2997	4401	6169	0	5959	71	0	0	0.00	47.59	0
GOMC.bin.15379	FASTA	DNA	291	1134708	1509	3899.3	32527	2118	2941	4676	0	4639	74	0	0	0.00	29.68	0
GOMC.bin.153	FASTA	DNA	417	1658021	1004	3976.1	26248	1918	3138	4822	0	4857	102	0	0	0.00	40.16	0
GOMC.bin.15413	FASTA	DNA	676	2147394	1500	3176.6	14426	1944	2534	3812	0	3462	195	0	0	0.00	64.07	0
GOMC.bin.15428	FASTA	DNA	230	2589503	1502	11258.7	89796	3077	6380	14137	0	20922	36	0	0	0.00	30.16	0
GOMC.bin.15436	FASTA	DNA	154	2071380	1558	13450.5	66119	3368	7166	20148	0	25450	28	0	0	0.00	39.15	0
GOMC.bin.15440	FASTA	DNA	595	2204496	1504	3705.0	17124	2170	3059	4528	0	4278	169	0	0	0.00	57.17	0
GOMC.bin.15515	FASTA	DNA	218	2950064	1645	13532.4	103932	4270	9142	17616	0	21310	42	0	0	0.00	68.31	0
GOMC.bin.15523	FASTA	DNA	120	2265087	1514	18875.7	109772	3224	10267	25318	0	35128	19	0	0	0.00	47.12	0
GOMC.bin.15577	FASTA	DNA	27	3684310	11920	136455.9	380534	37976	85324	205756	0	233842	6	0	0	0.00	65.92	0
GOMC.bin.15656	FASTA	DNA	281	7005647	1509	24931.1	327370	3699	7936	31966	0	61557	32	0	0	0.00	54.86	0
GOMC.bin.15705	FASTA	DNA	43	504882	1729	11741.4	39889	3973	8658	16544	0	19972	9	0	0	0.00	37.70	0
GOMC.bin.15712	FASTA	DNA	167	1876232	1546	11234.9	52204	4130	8603	14444	0	16718	37	0	0	0.00	37.13	0
GOMC.bin.1571	FASTA	DNA	255	776311	1503	3044.4	9443	1906	2608	3654	0	3199	79	0	0	0.00	31.77	0
GOMC.bin.15760	FASTA	DNA	537	1645998	1500	3065.2	11160	2068	2694	3534	0	3220	177	0	0	0.00	51.85	0
GOMC.bin.15789	FASTA	DNA	380	1441853	1503	3794.4	19406	2216	3115	4534	0	4314	107	0	0	0.00	41.92	0
GOMC.bin.157	FASTA	DNA	232	3167432	1037	13652.7	65880	5674	9907	18558	0	19573	51	0	0	0.00	35.85	0
GOMC.bin.15817	FASTA	DNA	809	2801594	1504	3463.0	15102	2094	2903	4232	0	3938	233	0	0	0.00	65.82	0
GOMC.bin.15842	FASTA	DNA	342	2404150	1516	7029.7	56922	2267	4166	8627	0	11309	60	0	0	0.00	35.85	0
GOMC.bin.1588	FASTA	DNA	469	1981619	1518	4225.2	48061	2735	3487	4954	0	4501	142	0	0	0.00	38.39	0
GOMC.bin.15890	FASTA	DNA	153	1373010	1504	8973.9	61698	2829	5383	12169	0	14970	28	0	0	0.00	38.41	0
GOMC.bin.15939	FASTA	DNA	48	2300966	1807	47936.8	212424	8296	28524	76736	0	95298	9	0	0	0.00	54.80	0
GOMC.bin.15977	FASTA	DNA	722	3383599	1513	4686.4	21817	2563	3964	6027	0	5561	202	0	0	0.00	59.38	0
GOMC.bin.1600	FASTA	DNA	117	405999	1504	3470.1	10162	2122	3060	4213	0	4042	37	0	0	0.00	40.21	0
GOMC.bin.16013	FASTA	DNA	693	3131777	1500	4519.2	24750	2463	3479	5558	0	5447	179	0	0	0.00	57.83	0
GOMC.bin.16074	FASTA	DNA	52	1257744	1827	24187.4	103727	6666	17128	34178	0	37595	11	0	0	0.00	33.74	0
GOMC.bin.16098	FASTA	DNA	719	3658582	1514	5088.4	20872	3091	4259	6120	0	5765	207	0	0	0.00	48.57	0
GOMC.bin.1622	FASTA	DNA	692	1319685	1004	1907.1	7255	1258	1630	2225	0	1998	215	0	0	0.00	55.18	0
GOMC.bin.1633	FASTA	DNA	394	1669689	1505	4237.8	18115	2389	3304	5216	0	4976	107	0	0	0.00	60.24	0
GOMC.bin.1702	FASTA	DNA	630	1796073	1501	2850.9	12619	1878	2412	3369	0	2987	195	0	0	0.00	68.21	0
GOMC.bin.1707	FASTA	DNA	376	1214758	1501	3230.7	11098	2084	2779	3950	0	3424	119	0	0	0.00	49.85	0
GOMC.bin.172	FASTA	DNA	504	1878252	1052	3726.7	14023	2086	3053	4704	0	4435	139	0	0	0.00	29.64	0
GOMC.bin.1745	FASTA	DNA	138	485821	1501	3520.4	15974	2017	2787	4491	0	4354	40	0	0	0.00	36.08	0
GOMC.bin.1746	FASTA	DNA	326	777517	1001	2385.0	11623	1339	1900	3041	0	2893	91	0	0	0.00	55.10	0
GOMC.bin.1756	FASTA	DNA	879	2325670	1004	2645.8	12999	1549	2139	3224	0	3030	242	0	0	0.00	59.70	0
GOMC.bin.192	FASTA	DNA	613	2292837	1002	3740.4	27788	1850	2763	4720	0	4799	147	0	0	0.00	36.62	0
GOMC.bin.1941	FASTA	DNA	609	2355696	1500	3868.1	18456	2162	3129	4612	0	4437	166	0	0	0.00	59.28	0
GOMC.bin.1970	FASTA	DNA	409	884588	1001	2162.8	9538	1336	1815	2568	0	2313	122	0	0	0.00	53.94	0
GOMC.bin.2007	FASTA	DNA	509	3622501	1515	7116.9	38406	3210	4937	8996	0	9957	110	0	0	0.00	61.98	0
GOMC.bin.2014	FASTA	DNA	244	1332298	1548	5460.2	23960	2737	3904	7140	0	7106	62	0	0	0.00	44.73	0
GOMC.bin.2022	FASTA	DNA	103	2146403	1349	20838.9	99334	6732	18554	27938	0	28649	24	0	0	0.00	49.97	0
GOMC.bin.205	FASTA	DNA	702	2325118	1004	3312.1	21002	1682	2514	3949	0	3961	168	0	0	0.00	46.18	0
GOMC.bin.207	FASTA	DNA	649	3104262	1501	4783.1	25982	2571	3618	5868	0	5682	165	0	0	0.00	44.43	0
GOMC.bin.2164	FASTA	DNA	748	2321316	1500	3103.4	15288	1910	2598	3610	0	3345	220	0	0	0.00	62.99	0
GOMC.bin.2183	FASTA	DNA	305	3129891	1427	10261.9	55687	4012	7663	13948	0	14956	69	0	0	0.00	38.55	0
GOMC.bin.2329	FASTA	DNA	35	985032	3409	28143.8	88394	12534	20014	39960	0	47212	8	0	0	0.00	43.07	0
GOMC.bin.232	FASTA	DNA	617	3293981	1005	5338.7	33654	2931	4225	6466	0	6264	162	0	0	0.00	56.00	0
GOMC.bin.2354	FASTA	DNA	319	3206951	1871	10053.1	82671	4504	7316	12048	0	13213	70	0	0	0.00	49.16	0
GOMC.bin.2405	FASTA	DNA	616	1652144	1001	2682.1	23027	1418	2083	3279	0	3148	158	0	0	0.00	38.06	0
GOMC.bin.2412	FASTA	DNA	395	2139411	1014	5416.2	29062	2006	3782	7030	0	7809	84	0	0	0.00	46.46	0
GOMC.bin.2460	FASTA	DNA	285	951172	1500	3337.4	15731	1912	2800	4215	0	3782	84	0	0	0.00	62.98	0
GOMC.bin.2470	FASTA	DNA	378	920747	1004	2435.8	13032	1349	1796	2837	0	2774	98	0	0	0.00	41.61	0
GOMC.bin.2486	FASTA	DNA	411	2193059	1016	5335.9	31787	2356	4049	6545	0	7424	94	0	0	0.00	43.12	0
GOMC.bin.2498	FASTA	DNA	613	2871558	1501	4684.4	21054	2519	3685	6015	0	5873	160	0	0	0.00	42.49	0
GOMC.bin.2555	FASTA	DNA	398	2564569	1536	6443.6	23587	3296	5105	8372	0	8057	104	0	0	0.00	30.63	0
GOMC.bin.2626	FASTA	DNA	839	1577580	1002	1880.3	7416	1258	1621	2140	0	1955	248	0	0	0.00	40.30	0
GOMC.bin.2660	FASTA	DNA	494	1740003	1500	3522.3	13417	2254	3072	4370	0	3907	156	0	0	0.00	47.28	0
GOMC.bin.2665	FASTA	DNA	348	4205297	1013	12084.2	97921	1966	6727	15746	0	24797	53	0	0	0.00	43.74	0
GOMC.bin.2685	FASTA	DNA	178	2872486	2022	16137.6	61172	8058	12354	21245	0	21245	45	0	0	0.00	43.69	0
GOMC.bin.269	FASTA	DNA	701	2245538	1006	3203.3	16813	1675	2451	4087	0	3992	178	0	0	0.00	38.01	0
GOMC.bin.2722	FASTA	DNA	521	2394052	1522	4595.1	20924	2545	3754	5659	0	5385	144	0	0	0.00	59.40	0
GOMC.bin.2724	FASTA	DNA	160	1632750	1544	10204.7	150713	3008	6896	11016	0	17478	26	0	0	0.00	44.50	0
GOMC.bin.2784	FASTA	DNA	1012	3261201	1009	3222.5	14688	1894	2619	3917	0	3659	276	0	0	0.00	45.29	0
GOMC.bin.2802	FASTA	DNA	558	1408618	1004	2524.4	10469	1404	2063	3179	0	2978	154	0	0	0.00	61.94	0
GOMC.bin.2838	FASTA	DNA	159	1930939	2317	12144.3	56577	5726	8782	14637	0	15855	36	0	0	0.00	38.59	0
GOMC.bin.2902	FASTA	DNA	143	1212673	2475	8480.2	23827	5454	7069	10609	0	9084	42	0	0	0.00	40.48	0
GOMC.bin.2931	FASTA	DNA	131	2158856	1568	16479.8	64294	4718	10279	24085	0	28037	26	0	0	0.00	47.32	0
GOMC.bin.2969	FASTA	DNA	124	657154	1007	5299.6	24920	1890	3628	6920	0	7502	28	0	0	0.00	35.74	0
GOMC.bin.2996	FASTA	DNA	263	1403444	1500	5336.3	34239	2393	3896	6464	0	6559	62	0	0	0.00	56.18	0
GOMC.bin.3025	FASTA	DNA	198	2266036	1617	11444.6	54101	4248	8335	16269	0	17353	43	0	0	0.00	45.60	0
GOMC.bin.3028	FASTA	DNA	574	1075942	1001	1874.5	14971	1201	1477	2010	0	1840	167	0	0	0.00	44.04	0
GOMC.bin.3036	FASTA	DNA	194	858160	1004	4423.5	27512	1750	3021	5678	0	6208	39	0	0	0.00	47.91	0
GOMC.bin.3083	FASTA	DNA	158	710877	1583	4499.2	14924	2521	3702	5487	0	5125	44	0	0	0.00	43.74	0
GOMC.bin.313	FASTA	DNA	629	2146260	1003	3412.2	14687	1885	2783	4297	0	4073	173	0	0	0.00	47.82	0
GOMC.bin.3156	FASTA	DNA	328	1709230	1002	5211.1	32823	2339	3772	6299	0	7036	70	0	0	0.00	42.57	0
GOMC.bin.3193	FASTA	DNA	325	2995662	1026	9217.4	79090	2816	5744	11757	0	15085	57	0	0	0.00	43.71	0
GOMC.bin.3233	FASTA	DNA	520	1375792	1004	2645.8	11578	1477	2120	3377	0	3150	143	0	0	0.00	58.99	0
GOMC.bin.3252	FASTA	DNA	795	2488239	1003	3129.9	15929	1722	2503	3854	0	3679	206	0	0	0.00	36.37	0
GOMC.bin.3253	FASTA	DNA	180	1019508	1018	5663.9	20720	2189	4010	7396	0	8396	40	0	0	0.00	37.32	0
GOMC.bin.3254	FASTA	DNA	403	1127094	1006	2796.8	15385	1428	2080	3458	0	3445	101	0	0	0.00	50.70	0
GOMC.bin.328	FASTA	DNA	560	2310231	1003	4125.4	23618	1800	2922	5142	0	5353	126	0	0	0.00	57.27	0
GOMC.bin.3386	FASTA	DNA	343	2638752	1594	7693.2	40645	3498	5777	10194	0	10270	81	0	0	0.00	31.40	0
GOMC.bin.3388	FASTA	DNA	326	1555509	1147	4771.5	30198	2565	3708	6018	0	5954	83	0	0	0.00	39.94	0
GOMC.bin.3422	FASTA	DNA	563	1241309	1001	2204.8	8687	1360	1807	2624	0	2468	165	0	0	0.00	38.34	0
GOMC.bin.343	FASTA	DNA	454	1666967	1514	3671.7	15372	2213	3046	4511	0	4146	134	0	0	0.00	27.87	0
GOMC.bin.3449	FASTA	DNA	192	2936375	1563	15293.6	93356	4994	11096	19716	0	23819	38	0	0	0.00	69.86	0
GOMC.bin.3467	FASTA	DNA	153	1227259	1011	8021.3	38466	3334	5694	10174	0	11495	33	0	0	0.00	31.62	0
GOMC.bin.3478	FASTA	DNA	250	1396532	1521	5586.1	26796	2848	4278	7038	0	7038	63	0	0	0.00	38.50	0
GOMC.bin.3483	FASTA	DNA	170	1059959	1040	6235.1	29530	2331	4520	8091	0	8794	35	0	0	0.00	31.66	0
GOMC.bin.3486	FASTA	DNA	255	1236688	1041	4849.8	33770	1760	3292	5650	0	6945	48	0	0	0.00	27.62	0
GOMC.bin.3488	FASTA	DNA	59	971626	1507	16468.2	73689	4807	10453	25578	0	31334	12	0	0	0.00	50.38	0
GOMC.bin.3489	FASTA	DNA	212	2057423	1143	9704.8	61291	3819	7249	12592	0	13417	45	0	0	0.00	35.30	0
GOMC.bin.3516	FASTA	DNA	251	809727	1007	3226.0	11841	1628	2459	4018	0	4002	63	0	0	0.00	31.42	0
GOMC.bin.3528	FASTA	DNA	278	1877652	1557	6754.1	26286	3646	5505	8916	0	8376	76	0	0	0.00	28.97	0
GOMC.bin.3549	FASTA	DNA	193	3811275	1501	19747.5	103676	5022	11697	26893	0	35487	33	0	0	0.00	59.46	0
GOMC.bin.3553	FASTA	DNA	301	838484	1006	2785.7	11325	1604	2295	3472	0	3281	87	0	0	0.00	47.76	0
GOMC.bin.3574	FASTA	DNA	370	2042891	1022	5521.3	36088	2561	4074	6600	0	7047	82	0	0	0.00	64.70	0
GOMC.bin.3606	FASTA	DNA	595	2214465	1001	3721.8	14993	1907	3010	4738	0	4641	157	0	0	0.00	58.99	0
GOMC.bin.3613	FASTA	DNA	386	3191474	1041	8268.1	57022	2927	5640	10665	0	12211	76	0	0	0.00	61.95	0
GOMC.bin.3636	FASTA	DNA	133	2647937	1649	19909.3	87569	7430	13727	26989	0	32824	28	0	0	0.00	31.47	0
GOMC.bin.3639	FASTA	DNA	294	2218380	1010	7545.5	44731	2907	5466	9916	0	10945	63	0	0	0.00	30.90	0
GOMC.bin.3663	FASTA	DNA	266	2123057	1555	7981.4	31825	4006	6397	10482	0	10380	69	0	0	0.00	48.24	0
GOMC.bin.3705	FASTA	DNA	452	2659331	1530	5883.5	29070	2488	4387	7489	0	8122	103	0	0	0.00	62.61	0
GOMC.bin.3707	FASTA	DNA	131	735806	1501	5616.8	21336	2603	4179	7178	0	7292	32	0	0	0.00	43.15	0
GOMC.bin.3725	FASTA	DNA	155	2368326	1776	15279.5	79318	4226	10606	19396	0	23796	30	0	0	0.00	45.30	0
GOMC.bin.3735	FASTA	DNA	704	2164712	1002	3074.9	11527	1690	2543	4002	0	3831	190	0	0	0.00	59.05	0
GOMC.bin.3754	FASTA	DNA	446	1760933	1503	3948.3	19378	2373	3264	4692	0	4392	130	0	0	0.00	70.85	0
GOMC.bin.3770	FASTA	DNA	630	2105859	1001	3342.6	20098	1601	2468	4231	0	4334	150	0	0	0.00	65.36	0
GOMC.bin.3807	FASTA	DNA	415	2315196	1043	5578.8	38190	2449	4268	6972	0	7516	96	0	0	0.00	61.51	0
GOMC.bin.3817	FASTA	DNA	981	2200177	1001	2242.8	11006	1352	1821	2718	0	2495	276	0	0	0.00	53.49	0
GOMC.bin.3823	FASTA	DNA	539	1864399	1504	3459.0	15367	2045	2860	4235	0	3929	154	0	0	0.00	65.29	0
GOMC.bin.3825	FASTA	DNA	263	1880217	1048	7149.1	56854	2604	4619	8870	0	10659	52	0	0	0.00	57.77	0
GOMC.bin.382	FASTA	DNA	261	1900891	1022	7283.1	36984	2336	4680	9224	0	11340	50	0	0	0.00	56.59	0
GOMC.bin.3840	FASTA	DNA	92	838679	1626	9116.1	41987	3110	5732	11564	0	15372	17	0	0	0.00	39.11	0
GOMC.bin.3841	FASTA	DNA	715	1409702	1001	1971.6	6968	1286	1685	2269	0	2055	213	0	0	0.00	59.43	0
GOMC.bin.3870	FASTA	DNA	556	2127777	1011	3826.9	26632	1764	2709	4758	0	5122	126	0	0	0.00	49.75	0
GOMC.bin.3880	FASTA	DNA	400	1732134	1506	4330.3	17271	2181	3430	5490	0	5425	105	0	0	0.00	70.06	0
GOMC.bin.3887	FASTA	DNA	213	1316188	1501	6179.3	30268	3150	4606	7984	0	7996	52	0	0	0.00	55.22	0
GOMC.bin.3902	FASTA	DNA	222	1055483	1533	4754.4	23559	2514	3854	5992	0	5685	60	0	0	0.00	42.82	0
GOMC.bin.3926	FASTA	DNA	382	3102440	1668	8121.6	48999	3414	6414	10545	0	10740	90	0	0	0.00	50.11	0
GOMC.bin.3941	FASTA	DNA	91	2496178	1817	27430.5	122304	7307	19757	38228	0	47577	17	0	0	0.00	47.89	0
GOMC.bin.3961	FASTA	DNA	175	582175	1004	3326.7	13004	1941	2810	4156	0	3902	48	0	0	0.00	32.35	0
GOMC.bin.3978	FASTA	DNA	217	1661680	1541	7657.5	41948	3271	5557	10197	0	11091	49	0	0	0.00	56.80	0
GOMC.bin.3982	FASTA	DNA	372	1703289	1511	4578.7	19039	2465	3657	5659	0	5520	97	0	0	0.00	32.61	0
GOMC.bin.4005	FASTA	DNA	304	1474080	1505	4848.9	18243	2494	3744	5951	0	5944	76	0	0	0.00	50.24	0
GOMC.bin.4006	FASTA	DNA	618	1780560	1002	2881.2	13326	1562	2290	3622	0	3468	164	0	0	0.00	32.78	0
GOMC.bin.4011	FASTA	DNA	360	1469821	1006	4082.8	19680	1757	2878	5239	0	5644	79	0	0	0.00	40.42	0
GOMC.bin.4021	FASTA	DNA	450	3177760	1563	7061.7	52103	3411	5198	8495	0	8919	105	0	0	0.00	48.02	0
GOMC.bin.4034	FASTA	DNA	178	681976	1515	3831.3	13719	2260	3342	4549	0	4341	53	0	0	0.00	29.15	0
GOMC.bin.4068	FASTA	DNA	287	870162	1506	3031.9	13857	1882	2487	3550	0	3199	86	0	0	0.00	37.78	0
GOMC.bin.4086	FASTA	DNA	605	2258879	1503	3733.7	18597	2244	3073	4388	0	4056	172	0	0	0.00	54.97	0
GOMC.bin.4126	FASTA	DNA	60	604868	1009	10081.1	142199	2965	5540	9302	0	16660	7	0	0	0.00	36.50	0
GOMC.bin.4127	FASTA	DNA	65	1677955	1635	25814.7	91593	7275	17131	38955	0	48042	14	0	0	0.00	34.14	0
GOMC.bin.4137	FASTA	DNA	181	1905476	1117	10527.5	76612	3060	6253	14355	0	20375	31	0	0	0.00	43.11	0
GOMC.bin.4138	FASTA	DNA	172	2938029	1014	17081.6	135913	4656	11836	23528	0	28831	32	0	0	0.00	40.73	0
GOMC.bin.4140	FASTA	DNA	535	1552679	1009	2902.2	21365	1461	2136	3396	0	3515	127	0	0	0.00	39.78	0
GOMC.bin.4151	FASTA	DNA	150	1306319	1636	8708.8	57794	3333	5716	11486	0	13023	30	0	0	0.00	36.60	0
GOMC.bin.4161	FASTA	DNA	763	3495567	1001	4581.3	44782	1949	3034	5390	0	6336	153	0	0	0.00	57.63	0
GOMC.bin.4175	FASTA	DNA	147	1588905	1567	10808.9	78307	3702	6662	13973	0	17277	28	0	0	0.00	53.45	0
GOMC.bin.4205	FASTA	DNA	303	2083199	1012	6875.2	43205	2248	4112	8302	0	11444	53	0	0	0.00	60.69	0
GOMC.bin.4265	FASTA	DNA	381	1540675	1517	4043.8	18283	2359	3300	4940	0	4615	108	0	0	0.00	53.12	0
GOMC.bin.4275	FASTA	DNA	352	2085888	1514	5925.8	34369	2829	4666	7452	0	7606	85	0	0	0.00	63.07	0
GOMC.bin.4276	FASTA	DNA	526	2570735	1504	4887.3	28141	2291	3561	6482	0	6711	125	0	0	0.00	65.53	0
GOMC.bin.4279	FASTA	DNA	378	2886796	1520	7637.0	64837	2830	5161	9715	0	11390	76	0	0	0.00	35.05	0
GOMC.bin.4299	FASTA	DNA	758	1601085	1002	2112.2	11242	1312	1742	2514	0	2318	217	0	0	0.00	51.39	0
GOMC.bin.4306	FASTA	DNA	304	1609809	1548	5295.4	28889	2510	3853	6744	0	6956	72	0	0	0.00	44.57	0
GOMC.bin.4426	FASTA	DNA	245	4470068	1501	18245.2	114026	3843	11635	25003	0	33744	41	0	0	0.00	55.39	0
GOMC.bin.4436	FASTA	DNA	535	8432627	1527	15761.9	125631	4930	10815	21498	0	25562	102	0	0	0.00	45.35	0
GOMC.bin.4456	FASTA	DNA	46	2129496	1525	46293.4	224362	5735	33068	57846	0	95828	8	0	0	0.00	35.15	0
GOMC.bin.4465	FASTA	DNA	245	1367084	1526	5579.9	25849	2809	4350	7363	0	7438	61	0	0	0.00	27.70	0
GOMC.bin.4473	FASTA	DNA	193	3897379	1584	20193.7	197517	3681	8806	26674	0	45748	26	0	0	0.00	48.84	0
GOMC.bin.4528	FASTA	DNA	489	3440147	1529	7035.1	42323	3696	5851	8578	0	8292	130	0	0	0.00	39.11	0
GOMC.bin.4533	FASTA	DNA	40	2058726	3597	51468.2	228630	13526	44669	64354	0	68914	9	0	0	0.00	43.14	0
GOMC.bin.454	FASTA	DNA	241	2033500	1500	8437.8	53679	4062	6015	10452	0	10989	55	0	0	0.00	67.10	0
GOMC.bin.4660	FASTA	DNA	115	2885768	1542	25093.6	183447	4453	11544	34871	0	56649	16	0	0	0.00	52.20	0
GOMC.bin.4681	FASTA	DNA	676	3411516	1508	5046.6	35498	2398	3704	6334	0	6553	158	0	0	0.00	60.64	0
GOMC.bin.4698	FASTA	DNA	375	1586594	1516	4230.9	21564	2219	3254	5186	0	5059	97	0	0	0.00	49.23	0
GOMC.bin.4705	FASTA	DNA	353	1757006	1505	4977.4	22019	2435	3703	6121	0	6287	86	0	0	0.00	54.08	0
GOMC.bin.470	FASTA	DNA	326	1397455	1115	4286.7	14377	2664	3684	5261	0	4916	99	0	0	0.00	45.98	0
GOMC.bin.4728	FASTA	DNA	253	3066830	1506	12121.9	70414	3788	8338	17008	0	19115	51	0	0	0.00	31.25	0
GOMC.bin.4749	FASTA	DNA	168	4416436	1514	26288.3	208234	2760	7302	38436	0	70971	21	0	0	0.00	40.69	0
GOMC.bin.4760	FASTA	DNA	532	2745709	1501	5161.1	37736	2518	3926	6226	0	6358	128	0	0	0.00	54.25	0
GOMC.bin.4772	FASTA	DNA	190	1830943	1544	9636.5	100384	3471	6128	12104	0	15607	35	0	0	0.00	48.38	0
GOMC.bin.4844	FASTA	DNA	286	2969004	1542	10381.1	103873	3793	6062	12589	0	16463	52	0	0	0.00	42.62	0
GOMC.bin.4845	FASTA	DNA	252	1939936	1531	7698.2	61128	2481	4687	10349	0	12234	47	0	0	0.00	34.45	0
GOMC.bin.4898	FASTA	DNA	57	2271641	1926	39853.4	187596	5630	10378	62716	0	116722	9	0	0	0.00	44.48	0
GOMC.bin.5027	FASTA	DNA	514	2027357	1502	3944.3	21911	2112	2988	4772	0	4735	132	0	0	0.00	61.58	0
GOMC.bin.5032	FASTA	DNA	309	1443640	1501	4672.0	25493	2386	3567	5759	0	5740	79	0	0	0.00	60.52	0
GOMC.bin.5034	FASTA	DNA	271	2531489	1558	9341.3	60360	4237	6827	11257	0	12080	61	0	0	0.00	43.79	0
GOMC.bin.5113	FASTA	DNA	403	1863282	1525	4623.5	35624	2102	3029	5296	0	5940	85	0	0	0.00	51.04	0
GOMC.bin.5183	FASTA	DNA	267	3646306	1504	13656.6	71868	4526	9925	19950	0	21906	58	0	0	0.00	67.64	0
GOMC.bin.5245	FASTA	DNA	15	3160187	1613	210679.1	1450499	60196	108817	214574	0	330154	2	0	0	0.00	54.58	0
GOMC.bin.5272	FASTA	DNA	252	3175844	1575	12602.6	70386	4678	8536	16192	0	18866	51	0	0	0.00	55.14	0
GOMC.bin.52	FASTA	DNA	491	2108243	1001	4293.8	40519	1624	2740	5516	0	6307	98	0	0	0.00	33.72	0
GOMC.bin.5312	FASTA	DNA	192	5940143	2048	30938.2	362915	7837	17056	38218	0	58762	29	0	0	0.00	60.68	0
GOMC.bin.5380	FASTA	DNA	283	2775590	1501	9807.7	69997	3320	6273	12118	0	15946	49	0	0	0.00	37.71	0
GOMC.bin.540	FASTA	DNA	539	1233865	1001	2289.2	15024	1299	1814	2698	0	2553	152	0	0	0.00	42.01	0
GOMC.bin.5420	FASTA	DNA	78	5525472	1515	70839.4	304369	12636	54086	103803	0	121174	14	0	0	0.00	44.84	0
GOMC.bin.5423	FASTA	DNA	610	3094081	1507	5072.3	25523	2827	4112	6360	0	5909	164	0	0	0.00	45.16	0
GOMC.bin.5430	FASTA	DNA	266	4071714	1617	15307.2	96782	5078	11340	20772	0	23801	55	0	0	0.00	60.78	0
GOMC.bin.5443	FASTA	DNA	221	4799736	1507	21718.3	305337	2767	6093	27249	0	66598	25	0	0	0.00	72.80	0
GOMC.bin.5485	FASTA	DNA	378	3348814	2920	8859.3	33295	5480	7884	10804	0	10007	118	0	0	0.00	48.66	0
GOMC.bin.548	FASTA	DNA	789	1611213	1001	2042.1	8194	1290	1676	2366	0	2205	235	0	0	0.00	42.28	0
GOMC.bin.552	FASTA	DNA	341	1133943	1003	3325.3	17024	1672	2564	4419	0	4275	88	0	0	0.00	49.81	0
GOMC.bin.553	FASTA	DNA	369	1060138	1005	2873.0	15021	1608	2320	3569	0	3406	100	0	0	0.00	29.54	0
GOMC.bin.5552	FASTA	DNA	343	4998937	1534	14574.2	78827	3556	8100	19016	0	26975	56	0	0	0.00	70.86	0
GOMC.bin.5590	FASTA	DNA	167	1997667	1516	11962.1	54027	4260	8265	16696	0	17868	35	0	0	0.00	50.83	0
GOMC.bin.631	FASTA	DNA	543	1442862	1001	2657.2	11223	1471	2205	3278	0	3088	151	0	0	0.00	39.32	0
GOMC.bin.6395	FASTA	DNA	58	4285830	3315	73893.6	554942	14616	42396	69598	0	188485	7	0	0	0.00	54.34	0
GOMC.bin.6483	FASTA	DNA	24	1872274	6985	78011.4	292292	30258	57108	103813	0	105756	6	0	0	0.00	36.74	995
GOMC.bin.6484	FASTA	DNA	60	2146644	2817	35777.4	139350	6860	30331	52167	0	61418	12	0	0	0.00	44.65	430
GOMC.bin.6491	FASTA	DNA	29	3894309	2605	134286.5	402608	42437	99297	192278	0	230138	7	0	0	0.00	60.37	0
GOMC.bin.6508	FASTA	DNA	317	3829251	2500	12079.7	73764	4447	7809	15460	0	18494	63	0	0	0.00	55.34	0
GOMC.bin.6582	FASTA	DNA	298	1327174	2501	4453.6	15481	3030	3757	5228	0	4419	97	0	0	0.00	41.05	0
GOMC.bin.659	FASTA	DNA	218	559831	1006	2568.0	11455	1435	1924	3020	0	2882	58	0	0	0.00	44.18	0
GOMC.bin.674	FASTA	DNA	776	1573873	1001	2028.2	9576	1318	1734	2458	0	2218	237	0	0	0.00	48.24	0
GOMC.bin.7000	FASTA	DNA	903	2514430	1501	2784.5	15407	1862	2364	3224	0	2917	275	0	0	0.00	63.11	0
GOMC.bin.7012	FASTA	DNA	198	681100	1500	3439.9	24201	1911	2501	3957	0	4040	49	0	0	0.00	34.39	0
GOMC.bin.7083	FASTA	DNA	284	951536	1503	3350.5	15182	2183	2870	4040	0	3663	90	0	0	0.00	42.59	0
GOMC.bin.7088	FASTA	DNA	458	1348710	1501	2944.8	10451	1886	2415	3390	0	3089	141	0	0	0.00	50.55	0
GOMC.bin.710	FASTA	DNA	258	1676033	1051	6496.3	30527	2720	4569	8592	0	9713	55	0	0	0.00	43.65	0
GOMC.bin.7121	FASTA	DNA	413	1584618	1502	3836.8	13953	2203	2968	5002	0	4570	114	0	0	0.00	52.04	0
GOMC.bin.7284	FASTA	DNA	549	1877670	1517	3420.2	14135	2104	2840	3984	0	3682	162	0	0	0.00	49.83	0
GOMC.bin.7299	FASTA	DNA	495	2456338	1514	4962.3	26965	2464	3893	6094	0	5895	127	0	0	0.00	43.90	0
GOMC.bin.729	FASTA	DNA	371	1892631	1048	5101.4	28116	2365	4048	6520	0	6812	91	0	0	0.00	42.41	0
GOMC.bin.7317	FASTA	DNA	1034	5904385	1502	5710.2	35577	2513	4018	7031	0	7619	227	0	0	0.00	49.50	0
GOMC.bin.7415	FASTA	DNA	840	2534566	1500	3017.3	15136	2000	2560	3620	0	3206	259	0	0	0.00	55.81	0
GOMC.bin.7423	FASTA	DNA	41	3983559	1682	97160.0	395340	17257	64117	131198	0	179131	7	0	0	0.00	41.73	0
GOMC.bin.7429	FASTA	DNA	687	4399563	1506	6404.0	37064	2677	4537	8156	0	8871	152	0	0	0.00	64.14	0
GOMC.bin.7469	FASTA	DNA	557	2367056	1504	4249.7	25651	1973	3250	5538	0	5543	139	0	0	0.00	65.57	0
GOMC.bin.752	FASTA	DNA	201	1308728	1262	6511.1	29110	3174	5247	8148	0	8146	52	0	0	0.00	31.24	0
GOMC.bin.7536	FASTA	DNA	548	2273548	1500	4148.8	20578	2159	3152	5352	0	5188	142	0	0	0.00	65.44	0
GOMC.bin.7546	FASTA	DNA	186	1206509	1505	6486.6	23864	3028	5192	8828	0	8804	48	0	0	0.00	33.43	0
GOMC.bin.754	FASTA	DNA	459	1591813	1003	3468.0	16815	1566	2484	4362	0	4554	102	0	0	0.00	43.86	0
GOMC.bin.7556	FASTA	DNA	375	4361568	1513	11630.8	88270	3538	7558	15612	0	19540	71	0	0	0.00	67.76	0
GOMC.bin.7567	FASTA	DNA	96	745405	1519	7764.6	37980	3474	5040	9448	0	11576	20	0	0	0.00	62.15	0
GOMC.bin.7659	FASTA	DNA	243	1998296	1528	8223.4	48574	2417	4305	11596	0	14253	43	0	0	0.00	36.79	0
GOMC.bin.7676	FASTA	DNA	94	1610673	1857	17134.8	98435	6497	12566	24540	0	26301	21	0	0	0.00	43.48	0
GOMC.bin.7683	FASTA	DNA	57	3717163	2269	65213.4	313441	15822	54810	86459	0	108585	11	0	0	0.00	59.73	0
GOMC.bin.769	FASTA	DNA	266	1732858	1568	6514.5	31659	2931	4770	8097	0	8695	61	0	0	0.00	39.40	0
GOMC.bin.7721	FASTA	DNA	288	1929708	1577	6700.4	34612	3445	5540	8044	0	7962	76	0	0	0.00	45.55	0
GOMC.bin.773	FASTA	DNA	396	1122730	1004	2835.2	15959	1483	2232	3449	0	3388	101	0	0	0.00	42.70	0
GOMC.bin.7745	FASTA	DNA	561	2691207	1512	4797.2	23834	2428	3736	6144	0	6105	142	0	0	0.00	62.91	0
GOMC.bin.7752	FASTA	DNA	274	762008	1501	2781.1	8189	1867	2269	3391	0	3040	89	0	0	0.00	45.17	0
GOMC.bin.7764	FASTA	DNA	120	2106893	1548	17557.4	101608	6751	13464	20946	0	23660	26	0	0	0.00	48.80	0
GOMC.bin.7784	FASTA	DNA	403	2673109	1534	6633.0	38715	2790	5025	8392	0	8893	92	0	0	0.00	59.26	0
GOMC.bin.7796	FASTA	DNA	405	2433650	1505	6009.0	32584	2667	4610	7867	0	8248	96	0	0	0.00	66.59	0
GOMC.bin.7823	FASTA	DNA	450	3316508	1504	7370.0	66605	2506	4551	9394	0	10976	83	0	0	0.00	63.52	0
GOMC.bin.783	FASTA	DNA	229	827487	1518	3613.5	18068	2176	2957	4398	0	4170	69	0	0	0.00	43.28	0
GOMC.bin.7847	FASTA	DNA	77	1402888	1565	18219.3	85157	5363	13393	24098	0	32746	16	0	0	0.00	33.39	0
GOMC.bin.7879	FASTA	DNA	156	1322810	1557	8479.6	43004	3785	5468	11248	0	13329	32	0	0	0.00	37.91	0
GOMC.bin.7910	FASTA	DNA	108	792366	1551	7336.7	44938	2862	5172	9654	0	10168	23	0	0	0.00	29.74	0
GOMC.bin.7914	FASTA	DNA	686	3618371	1504	5274.6	49731	2123	3182	6127	0	7474	128	0	0	0.00	68.54	0
GOMC.bin.7945	FASTA	DNA	146	4034956	1537	27636.7	123856	6782	18893	39136	0	51612	27	0	0	0.00	67.08	0
GOMC.bin.7960	FASTA	DNA	34	1216808	1869	35788.5	201371	6520	21190	37925	0	69983	5	0	0	0.00	50.74	0
GOMC.bin.798	FASTA	DNA	483	2181003	1506	4515.5	23614	2326	3473	5569	0	5559	123	0	0	0.00	43.71	0
GOMC.bin.8221	FASTA	DNA	39	3501979	1626	89794.3	521986	18524	63371	117103	0	164928	7	0	0	0.00	65.42	0
GOMC.bin.8247	FASTA	DNA	883	3238145	1506	3667.2	17485	2052	2932	4486	0	4191	244	0	0	0.00	73.56	0
GOMC.bin.8270	FASTA	DNA	467	2180316	1503	4668.8	27265	2506	3594	5578	0	5439	121	0	0	0.00	46.25	0
GOMC.bin.8293	FASTA	DNA	51	687968	1778	13489.6	70498	2519	7152	18092	0	26905	8	0	0	0.00	35.32	0
GOMC.bin.8338	FASTA	DNA	458	2565343	1520	5601.2	43712	2370	3958	6620	0	7249	99	0	0	0.00	47.51	0
GOMC.bin.8350	FASTA	DNA	210	3083465	1508	14683.2	86005	3071	7504	19259	0	32392	29	0	0	0.00	32.99	0
GOMC.bin.8365	FASTA	DNA	328	3634804	1514	11081.7	72247	3027	6200	15090	0	18762	54	0	0	0.00	64.66	0
GOMC.bin.8375	FASTA	DNA	282	1294069	1507	4588.9	21736	2512	3474	5628	0	5444	74	0	0	0.00	53.05	0
GOMC.bin.8381	FASTA	DNA	122	2701730	1552	22145.3	143485	4870	14385	27204	0	39406	21	0	0	0.00	63.42	0
GOMC.bin.8400	FASTA	DNA	320	2677244	1505	8366.4	57332	3328	5304	9767	0	12978	61	0	0	0.00	55.70	0
GOMC.bin.8421	FASTA	DNA	112	621805	1502	5551.8	19607	2456	3920	7564	0	7811	27	0	0	0.00	42.00	0
GOMC.bin.8457	FASTA	DNA	856	5038245	1504	5885.8	31492	2823	4500	7156	0	7397	204	0	0	0.00	48.01	0
GOMC.bin.8492	FASTA	DNA	984	3985030	1504	4049.8	23348	2194	3094	4732	0	4615	253	0	0	0.00	43.33	0
GOMC.bin.8494	FASTA	DNA	506	4823906	1578	9533.4	46468	4303	7678	12105	0	12166	122	0	0	0.00	54.92	0
GOMC.bin.8546	FASTA	DNA	113	4516533	1760	39969.3	201343	9635	26132	53106	0	72878	20	0	0	0.00	41.07	0
GOMC.bin.8556	FASTA	DNA	39	3487032	1562	89411.1	495040	29156	60120	114238	0	155575	7	0	0	0.00	54.14	0
GOMC.bin.8583	FASTA	DNA	18	2149028	9596	119390.4	342912	38830	82094	120408	0	254490	4	0	0	0.00	50.76	0
GOMC.bin.8606	FASTA	DNA	263	7697262	1877	29267.2	194636	8794	18127	38268	0	45566	48	0	0	0.00	42.86	0
GOMC.bin.8620	FASTA	DNA	4	3246415	220025	811603.8	1757649	269006	634370	1354202	0	1757649	1	0	0	0.00	64.42	0
GOMC.bin.8630	FASTA	DNA	60	5198778	3565	86646.3	294040	31752	65650	116938	0	123302	14	0	0	0.00	56.88	0
GOMC.bin.8645	FASTA	DNA	17	2532831	1517	148990.1	343088	52304	119806	255873	0	255873	5	0	0	0.00	56.96	0
GOMC.bin.8647	FASTA	DNA	150	6855997	1673	45706.6	236755	9075	25986	70111	0	82949	27	0	0	0.00	65.58	0
GOMC.bin.8681	FASTA	DNA	890	2865201	1500	3219.3	19909	1942	2604	3819	0	3531	249	0	0	0.00	36.61	0
GOMC.bin.8722	FASTA	DNA	187	3413849	1505	18255.9	147291	3272	9681	23906	0	37348	28	0	0	0.00	60.20	0
GOMC.bin.8751	FASTA	DNA	406	3397532	1500	8368.3	36589	3853	6484	10468	0	11034	94	0	0	0.00	51.41	0
GOMC.bin.8771	FASTA	DNA	395	1216149	1500	3078.9	10500	2035	2534	3552	0	3272	123	0	0	0.00	59.30	0
GOMC.bin.8798	FASTA	DNA	280	2297308	1505	8204.7	72444	3484	5868	9938	0	10816	61	0	0	0.00	59.23	0
GOMC.bin.8817	FASTA	DNA	156	2506152	1541	16065.1	85019	3961	9421	20454	0	32346	25	0	0	0.00	57.19	0
GOMC.bin.8830	FASTA	DNA	157	2941188	1545	18733.7	136774	4812	8439	22852	0	42070	23	0	0	0.00	59.94	0
GOMC.bin.8881	FASTA	DNA	415	4172881	1514	10055.1	65173	3038	5918	12836	0	16835	69	0	0	0.00	70.36	0
GOMC.bin.888	FASTA	DNA	328	1867108	1507	5692.4	22398	2904	4516	7418	0	7204	84	0	0	0.00	48.27	0
GOMC.bin.8903	FASTA	DNA	462	5165071	1501	11179.8	65330	3727	7458	16303	0	18385	92	0	0	0.00	57.27	0
GOMC.bin.8940	FASTA	DNA	149	1443766	1679	9689.7	50338	3725	6481	12546	0	14910	30	0	0	0.00	48.42	0
GOMC.bin.8945	FASTA	DNA	156	1361467	1529	8727.4	59411	3035	5676	10007	0	14289	28	0	0	0.00	38.91	0
GOMC.bin.8968	FASTA	DNA	502	3198936	1519	6372.4	26327	2912	4876	8049	0	8530	118	0	0	0.00	68.22	0
GOMC.bin.8977	FASTA	DNA	1030	3353432	1501	3255.8	13829	1978	2625	3936	0	3627	292	0	0	0.00	50.71	0
GOMC.bin.9011	FASTA	DNA	235	1933217	1532	8226.5	96667	3177	5097	9724	0	11932	43	0	0	0.00	51.38	0
GOMC.bin.9014	FASTA	DNA	45	5931830	1523	131818.4	817073	2393	39681	161974	0	361518	6	0	0	0.00	59.06	0
GOMC.bin.9023	FASTA	DNA	301	1325436	1500	4403.4	18523	2385	3502	5581	0	5292	81	0	0	0.00	59.61	0
GOMC.bin.9066	FASTA	DNA	131	7985676	1511	60959.4	531922	15574	40517	75535	0	100682	22	0	0	0.00	69.33	0
GOMC.bin.9115	FASTA	DNA	131	1522967	1594	11625.7	79822	2862	7129	14167	0	19195	22	0	0	0.00	37.91	0
GOMC.bin.9117	FASTA	DNA	475	2489637	1504	5241.3	34524	2405	3609	6346	0	7056	105	0	0	0.00	51.87	0
GOMC.bin.9121	FASTA	DNA	463	1266315	1502	2735.0	14505	1840	2259	2958	0	2771	144	0	0	0.00	63.92	0
GOMC.bin.9129	FASTA	DNA	543	1799754	1500	3314.5	15035	1980	2723	3978	0	3624	157	0	0	0.00	60.46	0
GOMC.bin.9138	FASTA	DNA	293	1556338	1504	5311.7	44034	2365	3473	6130	0	7037	60	0	0	0.00	39.93	0
GOMC.bin.9164	FASTA	DNA	531	3269225	1506	6156.7	30647	3406	5064	7622	0	7235	148	0	0	0.00	43.83	0
GOMC.bin.9165	FASTA	DNA	789	3646710	1501	4621.9	26810	2346	3574	5551	0	5617	190	0	0	0.00	70.78	0
GOMC.bin.918	FASTA	DNA	299	2693015	1501	9006.7	52196	3998	6541	11575	0	12289	67	0	0	0.00	46.48	0
GOMC.bin.9272	FASTA	DNA	167	2770046	1527	16587.1	105661	3267	9273	24246	0	32738	27	0	0	0.00	67.05	0
GOMC.bin.9306	FASTA	DNA	782	4730688	1524	6049.5	50678	3060	4798	7673	0	7553	199	0	0	0.00	56.20	0
GOMC.bin.9315	FASTA	DNA	554	3196094	1513	5769.1	28989	2406	3926	7547	0	8260	120	0	0	0.00	69.50	0
GOMC.bin.9329	FASTA	DNA	841	7623453	1502	9064.7	63090	3528	6243	10746	0	12647	164	0	0	0.00	43.36	0
GOMC.bin.9352	FASTA	DNA	645	2201291	1502	3412.9	14290	2142	2819	4260	0	3771	193	0	0	0.00	56.35	0
GOMC.bin.9393	FASTA	DNA	320	1620851	1512	5065.2	37792	2546	3876	5984	0	6144	78	0	0	0.00	42.30	0
GOMC.bin.93	FASTA	DNA	266	1425102	1037	5357.5	23248	2136	3982	7068	0	7880	61	0	0	0.00	42.26	0
GOMC.bin.9438	FASTA	DNA	81	563532	1507	6957.2	31006	2704	4659	9633	0	10458	18	0	0	0.00	35.44	0
GOMC.bin.9445	FASTA	DNA	306	3906515	1509	12766.4	91527	2743	7398	18093	0	23346	51	0	0	0.00	32.05	0
GOMC.bin.9450	FASTA	DNA	344	4062443	1616	11809.4	60067	4541	8852	15362	0	16794	75	0	0	0.00	56.20	0
GOMC.bin.9455	FASTA	DNA	71	2391633	1562	33685.0	156113	6019	19733	49868	0	62758	13	0	0	0.00	44.88	0
GOMC.bin.9500	FASTA	DNA	524	2168257	1501	4137.9	16981	2204	3260	5251	0	4947	139	0	0	0.00	52.64	0
GOMC.bin.9554	FASTA	DNA	377	1228813	1502	3259.5	17303	1983	2677	3996	0	3548	110	0	0	0.00	48.14	0
GOMC.bin.9556	FASTA	DNA	364	2491294	1501	6844.2	33906	2634	4792	8854	0	10102	74	0	0	0.00	64.80	0
GOMC.bin.9588	FASTA	DNA	635	2599378	1502	4093.5	20988	2182	3172	4847	0	4771	166	0	0	0.00	44.61	0
GOMC.bin.9644	FASTA	DNA	280	1391640	1507	4970.1	14985	2942	4358	6348	0	5842	86	0	0	0.00	44.13	0
GOMC.bin.9709	FASTA	DNA	153	2126661	1710	13899.7	87980	4591	10140	18140	0	20048	32	0	0	0.00	55.50	0
GOMC.bin.9716	FASTA	DNA	260	4766173	1503	18331.4	136460	3477	10016	23576	0	35700	39	0	0	0.00	37.63	0
GOMC.bin.9744	FASTA	DNA	297	5311956	1628	17885.4	114364	5539	12344	23896	0	28465	58	0	0	0.00	44.99	0
GOMC.bin.9745	FASTA	DNA	87	5736913	2463	65941.5	321827	12924	47032	79070	0	127212	15	0	0	0.00	54.93	0
GOMC.bin.9849	FASTA	DNA	137	2063910	1536	15065.0	127032	3376	8018	20202	0	27167	23	0	0	0.00	48.69	0
GOMC.bin.9855	FASTA	DNA	40	729729	2415	18243.2	66940	7417	15620	23458	0	24292	10	0	0	0.00	50.60	0
GOMC.bin.9917	FASTA	DNA	523	2100568	1518	4016.4	18095	2414	3385	4955	0	4616	155	0	0	0.00	47.92	0
GOMC.bin.997	FASTA	DNA	798	2131520	1006	2671.1	12242	1501	2135	3212	0	3055	210	0	0	0.00	48.01	0
