Name	Completeness	Contamination	Completeness_Model_Used	Translation_Table_Used	Coding_Density	Contig_N50	Average_Gene_Length	Genome_Size	GC_Content	Total_Coding_Sequences	Total_Contigs	Max_Contig_Length	Additional_Notes
GOMC.bin.10027	98.23	8.75	Gradient Boost (General Model)	11	0.883	15272	334.0581579542883	5007018	0.66	4419	590	79977	None
GOMC.bin.10037	86.27	9.04	Gradient Boost (General Model)	11	0.866	10127	322.3706699490065	6342371	0.47	5687	881	51156	None
GOMC.bin.10082	84.26	7.07	Neural Network (Specific Model)	11	0.916	10560	303.3001107419712	3581699	0.4	3612	495	39465	None
GOMC.bin.10102	96.23	0.05	Neural Network (Specific Model)	11	0.906	65890	329.85654340414374	4160111	0.31	3813	151	386529	None
GOMC.bin.10144	94.6	2.7	Gradient Boost (General Model)	11	0.893	11625	297.6324742268041	3872192	0.67	3880	519	42010	None
GOMC.bin.10212	53.95	3.04	Gradient Boost (General Model)	11	0.867	3576	201.62648065280337	2632033	0.54	3799	810	23919	None
GOMC.bin.10260	96.53	0.33	Gradient Boost (General Model)	11	0.901	134501	320.10261620523244	4190414	0.45	3937	64	273215	None
GOMC.bin.10698	94.67	1.14	Gradient Boost (General Model)	11	0.9	15134	310.55546357615896	2496840	0.38	2416	261	82957	None
GOMC.bin.10723	92.8	2.85	Gradient Boost (General Model)	11	0.911	55654	301.288056206089	2114701	0.67	2135	65	170023	None
GOMC.bin.10724	88.16	4.3	Gradient Boost (General Model)	11	0.888	7535	284.42384682332465	3303617	0.61	3447	573	41773	None
GOMC.bin.10872	57.67	0.27	Neural Network (Specific Model)	11	0.932	11454	327.33354964308893	1622521	0.37	1541	191	36721	None
GOMC.bin.1088	84.38	1.38	Gradient Boost (General Model)	11	0.912	10680	317.78133333333335	3128914	0.53	3000	502	50319	None
GOMC.bin.1089	97.5	2.92	Gradient Boost (General Model)	11	0.928	33462	365.65625826938344	4457827	0.3	3779	196	103102	None
GOMC.bin.10962	92.39	5.31	Gradient Boost (General Model)	11	0.905	7766	272.0027235587835	3965120	0.6	4406	630	61942	None
GOMC.bin.11033	89.94	0.14	Gradient Boost (General Model)	11	0.909	54505	344.4611801242236	2925849	0.48	2576	83	150534	None
GOMC.bin.11064	100.0	3.7	Gradient Boost (General Model)	11	0.864	75397	310.414953271028	4605659	0.54	4280	217	255691	None
GOMC.bin.11181	86.26	1.38	Neural Network (Specific Model)	11	0.896	4423	263.9346141927487	2844297	0.7	3227	741	22636	None
GOMC.bin.11223	90.81	0.11	Gradient Boost (General Model)	11	0.94	9710	295.773402417962	2725795	0.63	2895	421	34973	None
GOMC.bin.11235	73.95	1.1	Gradient Boost (General Model)	11	0.896	4865	283.2258469259724	3020476	0.37	3188	754	38982	None
GOMC.bin.11391	71.17	0.13	Gradient Boost (General Model)	11	0.939	3130	277.658466819222	1546122	0.64	1748	511	12733	None
GOMC.bin.11554	98.09	0.31	Gradient Boost (General Model)	11	0.866	14991	298.56799493991144	3265208	0.35	3162	325	97815	None
GOMC.bin.118	93.66	0.22	Gradient Boost (General Model)	11	0.949	8435	278.328125	1514744	0.38	1728	259	34783	None
GOMC.bin.11879	78.0	0.0	Gradient Boost (General Model)	11	0.947	537966	356.92910915934755	1798326	0.38	1594	11	658840	None
GOMC.bin.12045	95.42	1.6	Gradient Boost (General Model)	11	0.908	45944	335.578443877551	3470073	0.51	3136	158	245797	None
GOMC.bin.12136	83.91	1.44	Neural Network (Specific Model)	11	0.913	13887	269.67732230161715	2353968	0.7	2659	242	60046	None
GOMC.bin.12194	94.81	3.95	Gradient Boost (General Model)	11	0.946	9398	295.51234086775787	3599311	0.68	3849	516	41842	None
GOMC.bin.12213	63.05	0.07	Gradient Boost (General Model)	11	0.852	4338	274.60486522024985	1468992	0.44	1521	385	16021	None
GOMC.bin.12228	98.46	3.98	Gradient Boost (General Model)	11	0.863	67104	300.6962060371088	3770650	0.63	3611	125	251894	None
GOMC.bin.12231	97.23	1.21	Gradient Boost (General Model)	11	0.861	9357	302.9119226638024	1962461	0.42	1862	275	40804	None
GOMC.bin.12326	100.0	0.2	Neural Network (Specific Model)	11	0.914	140316	311.8893163657887	3453844	0.52	3379	52	526669	None
GOMC.bin.12330	79.23	0.2	Neural Network (Specific Model)	11	0.861	71020	316.614553014553	2650214	0.51	2405	55	268510	None
GOMC.bin.1235	79.24	2.67	Gradient Boost (General Model)	11	0.922	3585	289.0371229698376	2023067	0.37	2155	658	61058	None
GOMC.bin.1240	92.51	5.33	Gradient Boost (General Model)	11	0.894	29619	309.12469013386215	4176069	0.42	4034	249	106274	None
GOMC.bin.1251	52.58	0.06	Gradient Boost (General Model)	11	0.907	4185	249.32835820895522	881216	0.42	1072	233	18231	None
GOMC.bin.12598	77.87	0.07	Gradient Boost (General Model)	11	0.903	4941	272.1358515573227	1360143	0.62	1509	334	27017	None
GOMC.bin.12611	54.8	0.15	Neural Network (Specific Model)	11	0.921	3771	222.35015772870662	687207	0.34	951	213	10584	None
GOMC.bin.12797	41.8	0.11	Neural Network (Specific Model)	11	0.955	3957	281.9834605597964	694576	0.56	786	195	18516	None
GOMC.bin.12798	100.0	0.98	Gradient Boost (General Model)	11	0.924	40490	299.1993517017828	2394104	0.64	2468	103	124718	None
GOMC.bin.12821	80.75	1.23	Gradient Boost (General Model)	11	0.901	3700	262.82348077718063	2111569	0.52	2419	623	19282	None
GOMC.bin.12959	83.17	0.83	Neural Network (Specific Model)	11	0.947	13107	330.5786042944785	2726002	0.61	2608	295	59582	None
GOMC.bin.13001	88.78	0.41	Neural Network (Specific Model)	11	0.908	11683	279.28476821192055	556130	0.48	604	64	25536	None
GOMC.bin.13017	88.92	3.73	Gradient Boost (General Model)	11	0.921	11327	337.2973059653624	3420149	0.51	3118	426	54410	None
GOMC.bin.13118	61.33	0.98	Gradient Boost (General Model)	11	0.895	4801	257.6523749474569	2049154	0.38	2379	507	30434	None
GOMC.bin.13264	99.73	1.18	Neural Network (Specific Model)	11	0.91	27838	309.4585694050991	2878070	0.65	2824	191	75339	None
GOMC.bin.13387	100.0	0.35	Neural Network (Specific Model)	11	0.908	49386	321.4624425140521	4153319	0.65	3914	150	190289	None
GOMC.bin.13438	94.11	0.04	Neural Network (Specific Model)	11	0.917	64731	297.2064622124863	1772067	0.43	1826	64	154918	None
GOMC.bin.13478	95.47	0.07	Gradient Boost (General Model)	11	0.889	15023	289.36850332161	2491008	0.58	2559	268	52895	None
GOMC.bin.1350	97.5	0.74	Gradient Boost (General Model)	11	0.895	39501	272.4621848739496	650723	0.42	714	32	107423	None
GOMC.bin.13513	84.24	3.82	Gradient Boost (General Model)	11	0.898	6211	326.4977808923149	4660585	0.53	4281	953	26008	None
GOMC.bin.13604	80.81	0.21	Gradient Boost (General Model)	11	0.918	26286	315.610632183908	1434485	0.5	1392	87	67197	None
GOMC.bin.13629	91.69	0.05	Gradient Boost (General Model)	11	0.88	8331	277.3272438443209	1186096	0.38	1259	185	29336	None
GOMC.bin.1363	97.59	0.31	Gradient Boost (General Model)	11	0.867	75742	282.7467144563919	816771	0.38	837	36	156713	None
GOMC.bin.13727	65.64	2.43	Gradient Boost (General Model)	11	0.915	5826	293.59955156950673	2142734	0.57	2230	459	30107	None
GOMC.bin.13728	88.57	3.8	Gradient Boost (General Model)	11	0.93	18231	293.6530103313146	2651572	0.64	2807	276	87194	None
GOMC.bin.1380	41.59	0.86	Neural Network (Specific Model)	11	0.914	3934	271.68224299065423	857628	0.48	963	236	18237	None
GOMC.bin.13827	76.04	1.79	Gradient Boost (General Model)	11	0.924	12736	346.9364857302742	4017984	0.46	3574	435	69163	None
GOMC.bin.14104	91.81	5.59	Gradient Boost (General Model)	11	0.938	22685	403.0086226986716	11042267	0.72	8582	696	131747	None
GOMC.bin.1413	95.96	1.4	Gradient Boost (General Model)	11	0.876	8781	262.4292508917955	753982	0.5	841	131	29060	None
GOMC.bin.14252	83.65	1.9	Gradient Boost (General Model)	11	0.925	8042	290.03477588871715	1216310	0.45	1294	189	29423	None
GOMC.bin.14271	97.57	1.48	Gradient Boost (General Model)	11	0.933	127777	355.0645889792231	2525201	0.5	2214	35	289971	None
GOMC.bin.14283	95.29	0.56	Gradient Boost (General Model)	11	0.925	48679	324.97383273473577	2050854	0.48	1949	72	139272	None
GOMC.bin.14328	88.78	3.93	Gradient Boost (General Model)	11	0.93	11197	289.02651933701657	1685111	0.48	1810	207	42817	None
GOMC.bin.14343	85.23	13.06	Gradient Boost (General Model)	11	0.912	13012	384.60731986275255	6628493	0.61	5246	740	186694	None
GOMC.bin.14474	84.23	5.2	Gradient Boost (General Model)	11	0.915	8761	264.0173913043478	695763	0.39	805	100	26605	None
GOMC.bin.14572	91.22	3.2	Gradient Boost (General Model)	11	0.939	15550	328.7266495287061	2445701	0.44	2334	231	61994	None
GOMC.bin.1460	91.5	5.05	Gradient Boost (General Model)	11	0.874	13627	255.81944444444446	1386448	0.44	1584	121	53510	None
GOMC.bin.14662	94.74	0.02	Gradient Boost (General Model)	11	0.92	10829	297.0738813735692	1856462	0.62	1922	275	42611	None
GOMC.bin.14665	69.62	2.28	Gradient Boost (General Model)	11	0.931	3321	280.1768115942029	2796259	0.61	3105	876	34123	None
GOMC.bin.14687	84.05	0.3	Gradient Boost (General Model)	11	0.932	7324	311.0570813139472	1857337	0.5	1857	288	29063	None
GOMC.bin.14701	91.9	2.12	Gradient Boost (General Model)	11	0.956	15076	323.05294467578824	1700126	0.34	1681	161	83599	None
GOMC.bin.1471	59.59	0.22	Gradient Boost (General Model)	11	0.919	2291	254.89021092482423	1535187	0.49	1849	718	12474	None
GOMC.bin.14735	89.23	2.58	Gradient Boost (General Model)	11	0.934	10491	318.692498450093	1648737	0.33	1613	215	37008	None
GOMC.bin.14797	90.27	1.27	Gradient Boost (General Model)	11	0.908	8475	344.0558935361217	2983709	0.67	2630	495	85684	None
GOMC.bin.14875	95.28	0.13	Neural Network (Specific Model)	11	0.837	16201	293.04103967168265	2296425	0.51	2193	189	60060	None
GOMC.bin.14917	60.75	1.74	Gradient Boost (General Model)	11	0.935	3409	277.9641164522681	1313545	0.66	1477	416	21638	None
GOMC.bin.14924	85.9	0.94	Gradient Boost (General Model)	11	0.882	7982	338.50441609421	3516901	0.51	3057	539	32351	None
GOMC.bin.14958	76.4	2.52	Gradient Boost (General Model)	11	0.93	5421	292.41510845175765	1258389	0.5	1337	277	29227	None
GOMC.bin.14959	79.74	1.11	Gradient Boost (General Model)	11	0.933	7982	294.4345679012346	3445111	0.68	3645	580	28783	None
GOMC.bin.1502	77.79	0.31	Gradient Boost (General Model)	11	0.941	6389	243.75533980582523	797082	0.39	1030	155	20155	None
GOMC.bin.15046	86.35	0.59	Neural Network (Specific Model)	11	0.915	21942	305.1525663716814	2822973	0.64	2825	285	273177	None
GOMC.bin.1507	51.94	1.54	Gradient Boost (General Model)	11	0.891	1884	234.47870311506676	1239714	0.51	1573	674	10892	None
GOMC.bin.15086	87.24	0.45	Gradient Boost (General Model)	11	0.774	6030	299.9952335557674	2437771	0.34	2098	494	21912	None
GOMC.bin.15111	97.64	4.8	Gradient Boost (General Model)	11	0.871	37359	351.19166494739017	5851931	0.46	4847	245	136243	None
GOMC.bin.15273	93.66	0.8	Neural Network (Specific Model)	11	0.903	30702	327.48505678422	3636396	0.43	3346	228	95504	None
GOMC.bin.15276	90.84	1.97	Neural Network (Specific Model)	11	0.918	21477	322.7707170459425	2453386	0.33	2329	206	88427	None
GOMC.bin.15316	68.79	0.49	Gradient Boost (General Model)	11	0.9	12092	305.1931818181818	804353	0.35	792	99	37371	None
GOMC.bin.15317	87.98	1.78	Gradient Boost (General Model)	11	0.892	9742	310.1234718826406	3406233	0.45	3272	494	38626	None
GOMC.bin.15325	87.0	4.2	Neural Network (Specific Model)	11	0.891	5000	275.4504643962848	2991074	0.3	3230	737	44315	None
GOMC.bin.15349	93.5	5.27	Gradient Boost (General Model)	11	0.826	8893	266.8033525143858	3864424	0.41	3997	553	44132	None
GOMC.bin.15365	95.21	0.77	Gradient Boost (General Model)	11	0.852	45897	277.6925045703839	2665365	0.46	2735	125	135397	None
GOMC.bin.15413	71.15	2.66	Gradient Boost (General Model)	11	0.902	3462	246.21605173069608	2147394	0.64	2629	676	14426	None
GOMC.bin.15428	100.0	0.16	Gradient Boost (General Model)	11	0.907	20922	327.15699373695196	2589503	0.3	2395	230	89796	None
GOMC.bin.15436	96.14	1.65	Gradient Boost (General Model)	11	0.917	25450	319.2088575742325	2071380	0.39	1987	154	66119	None
GOMC.bin.15515	92.88	3.62	Gradient Boost (General Model)	11	0.912	21310	301.90393013100436	2950064	0.68	2977	218	103932	None
GOMC.bin.15577	100.0	0.2	Neural Network (Specific Model)	11	0.907	233842	333.6478325859492	3684310	0.66	3345	27	380534	None
GOMC.bin.157	86.38	0.86	Neural Network (Specific Model)	11	0.899	19573	339.39585566273666	3167432	0.36	2799	232	65880	None
GOMC.bin.15705	97.26	0.02	Gradient Boost (General Model)	11	0.888	19972	267.33392857142854	504882	0.38	560	43	39889	None
GOMC.bin.1571	47.2	0.63	Gradient Boost (General Model)	11	0.958	3199	289.79463243873977	776311	0.32	857	255	9443	None
GOMC.bin.15712	92.58	1.51	Neural Network (Specific Model)	11	0.921	16718	280.27683341427877	1876232	0.37	2059	167	52204	None
GOMC.bin.15760	65.75	0.55	Neural Network (Specific Model)	11	0.93	3220	253.392467789891	1645998	0.52	2018	537	11160	None
GOMC.bin.15842	82.18	6.44	Gradient Boost (General Model)	11	0.957	11309	331.8299525248166	2404150	0.36	2317	342	56922	None
GOMC.bin.15939	89.83	0.52	Gradient Boost (General Model)	11	0.926	95298	347.12451171875	2300966	0.55	2048	48	212424	None
GOMC.bin.15977	76.89	2.64	Gradient Boost (General Model)	11	0.899	5561	302.40166865315854	3383599	0.59	3356	722	21817	None
GOMC.bin.16013	82.53	2.99	Neural Network (Specific Model)	11	0.907	5447	280.63835454276415	3131777	0.58	3379	693	24750	None
GOMC.bin.16074	94.67	0.16	Neural Network (Specific Model)	11	0.955	37595	305.07148288973383	1257744	0.34	1315	52	103727	None
GOMC.bin.1702	60.08	1.72	Gradient Boost (General Model)	11	0.873	2987	254.0873362445415	1796073	0.68	2061	630	12619	None
GOMC.bin.172	69.27	0.22	Neural Network (Specific Model)	11	0.924	4435	306.95015906680806	1878252	0.3	1886	504	14023	None
GOMC.bin.1745	75.08	1.21	Gradient Boost (General Model)	11	0.951	4354	241.21461897356144	485821	0.36	643	138	15974	None
GOMC.bin.1970	66.9	0.5	Gradient Boost (General Model)	11	0.888	2313	221.45822784810127	884588	0.54	1185	409	9538	None
GOMC.bin.2014	77.44	1.62	Neural Network (Specific Model)	11	0.931	7106	290.093837535014	1332298	0.45	1428	244	23960	None
GOMC.bin.207	78.71	3.2	Gradient Boost (General Model)	11	0.899	5682	294.17966529838964	3104262	0.44	3167	649	25982	None
GOMC.bin.2183	92.1	1.69	Gradient Boost (General Model)	11	0.909	14956	305.91663984551013	3129891	0.39	3107	305	55687	None
GOMC.bin.232	84.08	1.13	Gradient Boost (General Model)	11	0.955	6264	310.0976689288876	3293981	0.56	3389	617	33654	None
GOMC.bin.2329	99.88	0.23	Neural Network (Specific Model)	11	0.918	47212	285.90435606060606	985032	0.43	1056	35	88394	None
GOMC.bin.2354	86.76	0.02	Neural Network (Specific Model)	11	0.919	13213	313.35011150047785	3206951	0.49	3139	319	82671	None
GOMC.bin.2486	95.89	2.84	Gradient Boost (General Model)	11	0.937	7424	311.8588929219601	2193059	0.43	2204	411	31787	None
GOMC.bin.2498	82.1	3.44	Neural Network (Specific Model)	11	0.896	5873	314.4642987916514	2871558	0.42	2731	613	21054	None
GOMC.bin.2626	66.87	1.36	Gradient Boost (General Model)	11	0.888	1955	230.96794871794873	1577580	0.4	2028	839	7416	None
GOMC.bin.2665	97.15	0.71	Gradient Boost (General Model)	11	0.845	24797	324.3516543614985	4205297	0.44	3657	348	97921	None
GOMC.bin.2722	83.45	1.88	Gradient Boost (General Model)	11	0.882	5385	279.92854307264787	2394052	0.59	2519	521	20924	None
GOMC.bin.2724	91.92	2.17	Neural Network (Specific Model)	11	0.892	17478	278.9558739255014	1632750	0.45	1745	160	150713	None
GOMC.bin.2996	92.45	1.03	Gradient Boost (General Model)	11	0.956	6559	273.31310679611653	1403444	0.56	1648	263	34239	None
GOMC.bin.3025	97.15	0.7	Gradient Boost (General Model)	11	0.921	17353	312.90636200716847	2266036	0.46	2232	198	54101	None
GOMC.bin.3156	83.15	0.93	Neural Network (Specific Model)	11	0.957	7036	284.11670124481327	1709230	0.43	1928	328	32823	None
GOMC.bin.3193	93.45	1.17	Gradient Boost (General Model)	11	0.861	15085	334.92959937767404	2995662	0.44	2571	325	79090	None
GOMC.bin.3233	91.54	2.55	Gradient Boost (General Model)	11	0.896	3150	213.20051679586564	1375792	0.59	1935	520	11578	None
GOMC.bin.3386	83.29	8.15	Gradient Boost (General Model)	11	0.92	10270	348.565834767642	2638752	0.31	2324	343	40645	None
GOMC.bin.3388	63.7	0.2	Neural Network (Specific Model)	11	0.931	5954	275.5791571753986	1555509	0.4	1756	326	30198	None
GOMC.bin.3467	82.86	1.95	Neural Network (Specific Model)	11	0.958	11495	281.1121428571429	1227259	0.32	1400	153	38466	None
GOMC.bin.3478	89.04	0.0	Gradient Boost (General Model)	11	0.943	7038	285.1914618369987	1396532	0.39	1546	250	26796	None
GOMC.bin.3483	80.38	0.66	Gradient Boost (General Model)	11	0.959	8794	266.53129890453835	1059959	0.32	1278	170	29530	None
GOMC.bin.3528	83.18	0.84	Gradient Boost (General Model)	11	0.927	8376	328.19332956472584	1877652	0.29	1769	278	26286	None
GOMC.bin.3553	42.8	0.01	Neural Network (Specific Model)	11	0.937	3281	237.373417721519	838484	0.48	1106	301	11325	None
GOMC.bin.3613	95.52	1.61	Gradient Boost (General Model)	11	0.909	12211	346.43741058655223	3191474	0.62	2796	386	57022	None
GOMC.bin.3636	84.7	0.21	Gradient Boost (General Model)	11	0.902	32824	373.2234192037471	2647937	0.31	2135	133	87569	None
GOMC.bin.3639	98.86	0.63	Gradient Boost (General Model)	11	0.939	10945	346.1039800995025	2218380	0.31	2010	294	44731	None
GOMC.bin.3705	88.37	4.38	Gradient Boost (General Model)	11	0.918	8122	310.26864535768647	2659331	0.63	2628	452	29070	None
GOMC.bin.3754	62.38	1.74	Neural Network (Specific Model)	11	0.924	4392	267.96206896551723	1760933	0.71	2030	446	19378	None
GOMC.bin.3770	96.77	3.38	Gradient Boost (General Model)	11	0.932	4334	285.2227055241409	2105859	0.65	2299	630	20098	None
GOMC.bin.3870	85.95	1.24	Gradient Boost (General Model)	11	0.948	5122	283.82716568545	2127777	0.5	2378	556	26632	None
GOMC.bin.3902	54.8	0.43	Gradient Boost (General Model)	11	0.922	5685	295.4977252047316	1055483	0.43	1099	222	23559	None
GOMC.bin.3926	95.2	2.34	Neural Network (Specific Model)	11	0.906	10740	310.0284203569068	3102440	0.5	3026	382	48999	None
GOMC.bin.3961	83.72	1.36	Gradient Boost (General Model)	11	0.912	3902	254.86063218390805	582175	0.32	696	175	13004	None
GOMC.bin.3978	95.82	0.28	Gradient Boost (General Model)	11	0.934	11091	300.83024333719584	1661680	0.57	1726	217	41948	None
GOMC.bin.3982	88.91	0.86	Gradient Boost (General Model)	11	0.949	5520	280.4758692267774	1703289	0.33	1927	372	19039	None
GOMC.bin.4005	80.84	0.63	Neural Network (Specific Model)	11	0.954	5944	292.2512406947891	1474080	0.5	1612	304	18243	None
GOMC.bin.4011	90.89	0.98	Neural Network (Specific Model)	11	0.953	5644	282.2733293196869	1469821	0.4	1661	360	19680	None
GOMC.bin.4021	93.51	1.48	Gradient Boost (General Model)	11	0.913	8919	292.843315184513	3177760	0.48	3306	450	52103	None
GOMC.bin.4068	74.09	0.88	Gradient Boost (General Model)	11	0.93	3199	292.27027027027026	870162	0.38	925	287	13857	None
GOMC.bin.4126	93.0	0.12	Gradient Boost (General Model)	11	0.948	16660	303.97305863708397	604868	0.37	631	60	142199	None
GOMC.bin.4127	99.94	0.44	Neural Network (Specific Model)	11	0.956	48042	302.6235891647855	1677955	0.34	1772	65	91593	None
GOMC.bin.4137	96.49	0.2	Neural Network (Specific Model)	11	0.923	20375	277.15261422515306	1905476	0.43	2123	181	76612	None
GOMC.bin.4138	95.79	1.32	Gradient Boost (General Model)	11	0.924	28831	379.9362683438155	2938029	0.41	2385	172	135913	None
GOMC.bin.4161	59.51	3.42	Gradient Boost (General Model)	11	0.888	6336	321.80186335403727	3495567	0.58	3220	763	44782	None
GOMC.bin.4205	85.08	0.97	Gradient Boost (General Model)	11	0.913	11444	313.0118343195266	2083199	0.61	2028	303	43205	None
GOMC.bin.4276	88.04	1.5	Gradient Boost (General Model)	11	0.912	6711	285.42034269048486	2570735	0.66	2743	526	28141	None
GOMC.bin.4279	99.39	0.15	Gradient Boost (General Model)	11	0.913	11390	337.3970080552359	2886796	0.35	2607	378	64837	None
GOMC.bin.4306	92.43	1.16	Gradient Boost (General Model)	11	0.898	6956	267.06467661691545	1609809	0.45	1809	304	28889	None
GOMC.bin.4456	95.72	2.44	Gradient Boost (General Model)	11	0.924	95828	355.9739837398374	2129496	0.35	1845	46	224362	None
GOMC.bin.4465	70.34	3.18	Neural Network (Specific Model)	11	0.913	7438	244.66138497652582	1367084	0.28	1704	245	25849	None
GOMC.bin.4473	99.69	1.84	Neural Network (Specific Model)	11	0.875	45748	311.7012595837897	3897379	0.49	3652	193	197517	None
GOMC.bin.4533	99.57	0.07	Gradient Boost (General Model)	11	0.888	68914	293.57884615384614	2058726	0.43	2080	40	228630	None
GOMC.bin.454	90.51	0.25	Gradient Boost (General Model)	11	0.934	10989	319.0633484162896	2033500	0.67	1989	241	53679	None
GOMC.bin.4681	86.54	3.24	Neural Network (Specific Model)	11	0.902	6553	266.2675472675473	3411516	0.61	3861	676	35498	None
GOMC.bin.4698	85.88	4.44	Gradient Boost (General Model)	11	0.954	5059	259.9374037968189	1586594	0.49	1949	375	21564	None
GOMC.bin.470	79.62	0.01	Gradient Boost (General Model)	11	0.882	4916	279.22727272727275	1397455	0.46	1474	326	14377	None
GOMC.bin.4749	100.0	1.76	Gradient Boost (General Model)	11	0.899	70971	359.40775908844273	4416436	0.41	3686	168	208234	None
GOMC.bin.4760	82.18	7.25	Gradient Boost (General Model)	11	0.926	6358	299.9286974938228	2745709	0.54	2833	532	37736	None
GOMC.bin.4772	91.41	0.0	Neural Network (Specific Model)	11	0.909	15607	276.3149528067561	1830943	0.48	2013	190	100384	None
GOMC.bin.4898	98.74	0.08	Gradient Boost (General Model)	11	0.964	116722	351.1517042726836	2271641	0.44	2083	57	187596	None
GOMC.bin.5032	64.03	2.96	Neural Network (Specific Model)	11	0.928	5740	246.7347275729224	1443640	0.61	1817	309	25493	None
GOMC.bin.5034	76.9	0.28	Neural Network (Specific Model)	11	0.861	12080	279.19792865362484	2531489	0.44	2607	271	60360	None
GOMC.bin.52	82.6	2.23	Gradient Boost (General Model)	11	0.925	6307	290.7202141900937	2108243	0.34	2241	491	40519	None
GOMC.bin.5272	95.85	1.97	Neural Network (Specific Model)	11	0.887	18866	277.39086892488956	3175844	0.55	3395	252	70386	None
GOMC.bin.5380	95.14	0.78	Gradient Boost (General Model)	11	0.876	15946	294.7542711741185	2775590	0.38	2751	283	69997	None
GOMC.bin.5420	98.89	5.41	Gradient Boost (General Model)	11	0.851	121174	331.91118629731443	5525472	0.45	4729	78	304369	None
GOMC.bin.5430	92.83	3.78	Neural Network (Specific Model)	11	0.899	23801	324.65124933545985	4071714	0.61	3762	266	96782	None
GOMC.bin.5443	98.25	2.0	Gradient Boost (General Model)	11	0.887	66598	282.70538018661904	4799736	0.73	5037	221	305337	None
GOMC.bin.5485	63.5	1.11	Gradient Boost (General Model)	11	0.871	10007	299.6590769230769	3348814	0.49	3250	378	33295	None
GOMC.bin.552	97.71	3.6	Gradient Boost (General Model)	11	0.955	4275	257.6507823613087	1133943	0.5	1406	341	17024	None
GOMC.bin.553	76.24	1.77	Gradient Boost (General Model)	11	0.944	3406	243.95842450765863	1060138	0.3	1371	369	15021	None
GOMC.bin.5552	95.33	8.89	Gradient Boost (General Model)	11	0.886	26975	286.3864164086687	4998937	0.71	5168	343	78827	None
GOMC.bin.5590	84.76	0.6	Neural Network (Specific Model)	11	0.943	17868	374.16488095238094	1997667	0.51	1680	167	54027	None
GOMC.bin.631	76.83	1.11	Neural Network (Specific Model)	11	0.914	3088	221.98490945674044	1442862	0.39	1988	543	11223	None
GOMC.bin.6395	99.99	0.38	Neural Network (Specific Model)	11	0.91	188485	353.4070051588379	4285830	0.54	3683	58	554942	None
GOMC.bin.6491	98.72	0.32	Gradient Boost (General Model)	11	0.899	230138	315.59422246220305	3894309	0.6	3704	29	402608	None
GOMC.bin.6508	88.78	3.91	Neural Network (Specific Model)	11	0.883	18494	312.94736842105266	3829251	0.55	3610	317	73764	None
GOMC.bin.7000	69.13	3.73	Gradient Boost (General Model)	11	0.951	2917	273.8337332876243	2514430	0.63	2917	903	15407	None
GOMC.bin.7088	71.18	1.46	Gradient Boost (General Model)	11	0.932	3089	260.12833230006197	1348710	0.51	1613	458	10451	None
GOMC.bin.710	93.57	0.03	Neural Network (Specific Model)	11	0.916	9713	297.9331783846601	1676033	0.44	1721	258	30527	None
GOMC.bin.729	91.41	0.93	Gradient Boost (General Model)	11	0.901	6812	289.90946083418106	1892631	0.42	1966	371	28116	None
GOMC.bin.7299	91.3	3.81	Gradient Boost (General Model)	11	0.863	5895	280.02930693069305	2456338	0.44	2525	495	26965	None
GOMC.bin.7317	82.28	4.94	Gradient Boost (General Model)	11	0.861	7619	306.9374321880651	5904385	0.49	5530	1034	35577	None
GOMC.bin.7415	64.15	2.27	Gradient Boost (General Model)	11	0.904	3206	244.2048500319081	2534566	0.56	3134	840	15136	None
GOMC.bin.7429	96.9	2.97	Gradient Boost (General Model)	11	0.904	8871	288.8035209737014	4399563	0.64	4601	687	37064	None
GOMC.bin.7469	77.18	1.9	Neural Network (Specific Model)	11	0.859	5543	288.7288207747978	2367056	0.66	2349	557	25651	None
GOMC.bin.752	84.71	1.01	Neural Network (Specific Model)	11	0.954	8146	277.9853626081171	1308728	0.31	1503	201	29110	None
GOMC.bin.7536	78.41	1.39	Neural Network (Specific Model)	11	0.919	5188	274.85230405671524	2273548	0.65	2539	548	20578	None
GOMC.bin.754	78.57	0.68	Neural Network (Specific Model)	11	0.893	4554	233.73464373464373	1591813	0.44	2035	459	16815	None
GOMC.bin.7567	86.2	0.04	Gradient Boost (General Model)	11	0.939	11576	246.52996845425866	745405	0.62	951	96	37980	None
GOMC.bin.7676	89.36	0.57	Neural Network (Specific Model)	11	0.936	26301	357.0722891566265	1610673	0.43	1411	94	98435	None
GOMC.bin.7683	97.77	0.13	Neural Network (Specific Model)	11	0.915	108585	333.86449147560256	3717163	0.6	3402	57	313441	None
GOMC.bin.769	98.12	0.87	Gradient Boost (General Model)	11	0.934	8695	287.17375132837407	1732858	0.39	1882	266	31659	None
GOMC.bin.7721	75.59	1.11	Neural Network (Specific Model)	11	0.86	7962	301.7366702937976	1929708	0.46	1838	288	34612	None
GOMC.bin.7745	81.59	2.44	Gradient Boost (General Model)	11	0.886	6105	306.93757225433524	2691207	0.63	2595	561	23834	None
GOMC.bin.7752	51.4	0.81	Gradient Boost (General Model)	11	0.948	3040	253.02192066805844	762008	0.45	958	274	8189	None
GOMC.bin.7784	95.06	0.42	Gradient Boost (General Model)	11	0.886	8893	287.44976423648893	2673109	0.59	2757	403	38715	None
GOMC.bin.783	59.77	0.15	Neural Network (Specific Model)	11	0.95	4170	242.66481994459835	827487	0.43	1083	229	18068	None
GOMC.bin.7879	91.86	1.66	Gradient Boost (General Model)	11	0.878	13329	284.1978021978022	1322810	0.38	1365	156	43004	None
GOMC.bin.7910	89.51	0.03	Neural Network (Specific Model)	11	0.935	10168	257.50467289719626	792366	0.3	963	108	44938	None
GOMC.bin.7914	92.34	0.54	Gradient Boost (General Model)	11	0.948	7474	314.1944596818431	3618371	0.69	3646	686	49731	None
GOMC.bin.7945	94.62	1.37	Gradient Boost (General Model)	11	0.887	51612	313.6524934383202	4034956	0.67	3810	146	123856	None
GOMC.bin.7960	92.44	0.02	Gradient Boost (General Model)	11	0.899	69983	260.90798858773184	1216808	0.51	1402	34	201371	None
GOMC.bin.8247	71.49	3.25	Gradient Boost (General Model)	11	0.925	4191	320.20948110185776	3238145	0.74	3122	883	17485	None
GOMC.bin.8350	94.01	2.03	Gradient Boost (General Model)	11	0.918	32392	306.79552093476144	3083465	0.33	3081	210	86005	None
GOMC.bin.8365	95.86	1.5	Gradient Boost (General Model)	11	0.931	18762	303.1717198819426	3634804	0.65	3727	328	72247	None
GOMC.bin.8375	58.76	0.04	Gradient Boost (General Model)	11	0.924	5444	287.394528437725	1294069	0.53	1389	282	21736	None
GOMC.bin.8381	84.08	2.37	Gradient Boost (General Model)	11	0.936	39406	322.04079298513153	2701730	0.63	2623	122	143485	None
GOMC.bin.8421	91.94	0.03	Gradient Boost (General Model)	11	0.918	7811	277.7274052478134	621805	0.42	686	112	19607	None
GOMC.bin.8492	82.65	4.02	Gradient Boost (General Model)	11	0.866	4615	272.4316784869976	3985030	0.43	4230	984	23348	None
GOMC.bin.8494	100.0	1.76	Gradient Boost (General Model)	11	0.876	12166	326.6696738376128	4823906	0.55	4323	506	46468	None
GOMC.bin.8583	70.38	0.0	Neural Network (Specific Model)	11	0.875	254490	331.46064447966194	2149028	0.51	1893	18	342912	None
GOMC.bin.8620	98.72	0.35	Gradient Boost (General Model)	11	0.911	1757649	354.52890484739675	3246415	0.64	2785	4	1757649	None
GOMC.bin.8630	94.89	0.87	Gradient Boost (General Model)	11	0.858	123302	356.97818269000237	5198778	0.57	4171	60	294040	None
GOMC.bin.8645	62.39	0.01	Neural Network (Specific Model)	11	0.926	255873	319.49673469387756	2532831	0.57	2450	17	343088	None
GOMC.bin.8771	55.37	1.22	Gradient Boost (General Model)	11	0.88	3272	241.20283018867926	1216149	0.59	1484	395	10500	None
GOMC.bin.8830	93.26	0.35	Gradient Boost (General Model)	11	0.908	42070	351.7097791798107	2941188	0.6	2536	157	136774	None
GOMC.bin.8903	90.52	1.09	Gradient Boost (General Model)	11	0.891	18385	326.2694509221963	5165071	0.57	4717	462	65330	None
GOMC.bin.8945	82.14	0.87	Gradient Boost (General Model)	11	0.915	14289	286.6264645072364	1361467	0.39	1451	156	59411	None
GOMC.bin.8968	71.68	6.05	Gradient Boost (General Model)	11	0.906	8530	290.7626201923077	3198936	0.68	3328	502	26327	None
GOMC.bin.8977	91.21	3.89	Gradient Boost (General Model)	11	0.872	3627	257.1922064244339	3353432	0.51	3798	1030	13829	None
GOMC.bin.9014	99.22	1.73	Gradient Boost (General Model)	11	0.916	361518	382.52583843071085	5931830	0.59	4741	45	817073	None
GOMC.bin.9066	92.19	0.27	Gradient Boost (General Model)	11	0.94	100682	415.16470588235296	7985676	0.69	6035	131	531922	None
GOMC.bin.9115	89.94	0.15	Gradient Boost (General Model)	11	0.892	19195	291.30468248877486	1522967	0.38	1559	131	79822	None
GOMC.bin.9121	53.44	0.87	Gradient Boost (General Model)	11	0.926	2771	246.54688483322843	1266315	0.64	1589	463	14505	None
GOMC.bin.9129	67.29	1.7	Gradient Boost (General Model)	11	0.896	3624	257.95306513409963	1799754	0.6	2088	543	15035	None
GOMC.bin.9138	82.9	0.28	Gradient Boost (General Model)	11	0.904	7037	268.6146369353917	1556338	0.4	1749	293	44034	None
GOMC.bin.93	82.58	0.26	Neural Network (Specific Model)	11	0.929	7880	274.6728624535316	1425102	0.42	1614	266	23248	None
GOMC.bin.9315	80.46	2.12	Neural Network (Specific Model)	11	0.909	8260	270.60954507396036	3196094	0.69	3583	554	28989	None
GOMC.bin.9329	97.99	0.03	Neural Network (Specific Model)	11	0.795	12647	323.78928	7623453	0.43	6250	841	63090	None
GOMC.bin.9352	57.88	1.14	Gradient Boost (General Model)	11	0.933	3771	287.6356394129979	2201291	0.56	2385	645	14290	None
GOMC.bin.9393	82.63	0.75	Gradient Boost (General Model)	11	0.872	6144	283.6520432692308	1620851	0.42	1664	320	37792	None
GOMC.bin.9450	97.3	1.81	Gradient Boost (General Model)	11	0.87	16794	306.3660876328753	4062443	0.56	3857	344	60067	None
GOMC.bin.9500	76.11	2.23	Neural Network (Specific Model)	11	0.925	4947	260.6415241057543	2168257	0.53	2572	524	16981	None
GOMC.bin.9556	89.15	0.16	Gradient Boost (General Model)	11	0.951	10102	303.9911674347158	2491294	0.65	2604	364	33906	None
GOMC.bin.9588	63.75	2.49	Neural Network (Specific Model)	11	0.897	4771	265.644247183339	2599378	0.45	2929	635	20988	None
GOMC.bin.9709	81.98	0.05	Neural Network (Specific Model)	11	0.903	20048	322.2267471091001	2126661	0.56	1989	153	87980	None
GOMC.bin.9716	97.1	6.04	Neural Network (Specific Model)	11	0.885	35700	327.95806150978564	4766173	0.38	4292	260	136460	None
GOMC.bin.9849	97.94	0.32	Gradient Boost (General Model)	11	0.931	27167	298.3506976744186	2063910	0.49	2150	137	127032	None
GOMC.bin.9917	78.81	1.19	Gradient Boost (General Model)	11	0.852	4616	273.5080091533181	2100568	0.48	2185	523	18095	None
GOMC.bin.10150	95.49	2.47	Gradient Boost (General Model)	11	0.916	26774	343.34082254379285	2944110	0.66	2626	229	116790	None
GOMC.bin.10181	96.26	0.13	Gradient Boost (General Model)	11	0.915	32026	344.01537042729785	3660358	0.51	3253	181	122346	None
GOMC.bin.10187	96.56	0.17	Gradient Boost (General Model)	11	0.925	47297	302.6924882629108	1669308	0.6	1704	61	124051	None
GOMC.bin.10263	64.64	0.62	Neural Network (Specific Model)	11	0.908	48973	304.4458259325044	2259700	0.37	2252	84	157798	None
GOMC.bin.10275	95.76	2.45	Gradient Boost (General Model)	11	0.894	42226	296.4745724059293	4350288	0.53	4385	166	159112	None
GOMC.bin.10308	86.91	0.93	Gradient Boost (General Model)	11	0.913	9797	367.16987740805604	2752116	0.51	2284	398	42635	None
GOMC.bin.10460	96.82	1.94	Gradient Boost (General Model)	11	0.878	20362	310.69001883239173	2815602	0.42	2655	211	81350	None
GOMC.bin.10515	95.18	0.09	Neural Network (Specific Model)	11	0.918	24081	317.7739207832666	2327736	0.47	2247	149	70198	None
GOMC.bin.10855	79.71	0.69	Gradient Boost (General Model)	11	0.944	10026	342.39252948885974	1655512	0.4	1526	231	35485	None
GOMC.bin.10966	93.71	5.01	Gradient Boost (General Model)	11	0.93	7924	297.8485794567593	3071344	0.69	3203	530	48439	None
GOMC.bin.10984	98.27	0.01	Gradient Boost (General Model)	11	0.934	79779	332.0504201680672	1392419	0.35	1309	36	174550	None
GOMC.bin.11045	94.59	5.36	Gradient Boost (General Model)	11	0.907	30391	307.0589167767503	3840621	0.62	3785	283	129187	None
GOMC.bin.11145	86.82	0.17	Gradient Boost (General Model)	11	0.95	8273	333.1634446397188	2388343	0.57	2276	396	29575	None
GOMC.bin.11176	96.44	1.55	Gradient Boost (General Model)	11	0.928	31056	327.3769453243355	7668802	0.66	7261	444	211035	None
GOMC.bin.11194	72.06	3.34	Gradient Boost (General Model)	11	0.923	3974	261.73235183087957	2244126	0.42	2649	624	20505	None
GOMC.bin.11268	77.1	4.82	Gradient Boost (General Model)	11	0.923	5220	284.53828505878977	3220958	0.59	3487	750	29658	None
GOMC.bin.11292	98.14	0.0	Neural Network (Specific Model)	11	0.928	60072	309.53868092691624	2800408	0.62	2805	83	191591	None
GOMC.bin.11303	93.34	0.26	Neural Network (Specific Model)	11	0.942	66527	331.5380933386518	2642927	0.44	2507	68	127202	None
GOMC.bin.11361	51.42	0.76	Gradient Boost (General Model)	11	0.888	3429	257.81627906976746	1495700	0.52	1720	457	13595	None
GOMC.bin.11376	74.67	1.48	Gradient Boost (General Model)	11	0.914	4328	257.410577592206	2420752	0.62	2874	635	29900	None
GOMC.bin.11383	79.78	0.95	Gradient Boost (General Model)	11	0.91	3678	249.3271028037383	351229	0.42	428	100	11920	None
GOMC.bin.11393	64.15	0.81	Gradient Boost (General Model)	11	0.899	3165	253.3371757925072	2343519	0.62	2776	784	27840	None
GOMC.bin.11416	95.58	0.04	Gradient Boost (General Model)	11	0.908	363519	309.9982261640798	2305723	0.47	2255	16	494525	None
GOMC.bin.11457	99.98	0.1	Neural Network (Specific Model)	11	0.872	86408	329.38435022406065	3283083	0.39	2901	60	265350	None
GOMC.bin.11487	99.18	1.6	Neural Network (Specific Model)	11	0.858	110910	287.824369560366	4503719	0.42	4481	77	376135	None
GOMC.bin.11499	91.17	0.7	Gradient Boost (General Model)	11	0.893	11443	347.0179914949297	3556906	0.41	3057	426	44365	None
GOMC.bin.115	75.01	0.77	Neural Network (Specific Model)	11	0.901	4394	253.05047867711053	964608	0.4	1149	254	19110	None
GOMC.bin.11519	86.86	0.42	Gradient Boost (General Model)	11	0.871	9954	340.599066874028	3768118	0.38	3215	528	40444	None
GOMC.bin.11551	99.99	0.9	Neural Network (Specific Model)	11	0.845	74764	348.6288	3864377	0.69	3125	85	235740	None
GOMC.bin.11558	93.35	3.0	Gradient Boost (General Model)	11	0.848	13013	340.47987117552333	5979128	0.49	4968	597	50541	None
GOMC.bin.11562	96.02	4.9	Gradient Boost (General Model)	11	0.934	6712	277.4814229249012	2248018	0.35	2530	415	24015	None
GOMC.bin.11680	92.89	1.28	Gradient Boost (General Model)	11	0.841	12628	338.17632702867604	5928834	0.35	4917	678	56777	None
GOMC.bin.11724	77.86	1.77	Neural Network (Specific Model)	11	0.925	5794	285.00995520159285	3705176	0.65	4018	807	22181	None
GOMC.bin.1176	69.37	0.0	Neural Network (Specific Model)	11	0.916	3173	262.79612992398063	1242278	0.47	1447	454	23344	None
GOMC.bin.1178	90.96	0.98	Gradient Boost (General Model)	11	0.895	8488	322.2228832951945	2354656	0.4	2185	317	33953	None
GOMC.bin.11816	55.46	0.21	Neural Network (Specific Model)	11	0.913	3563	276.8292682926829	2121913	0.39	2337	651	12152	None
GOMC.bin.11817	84.85	2.57	Neural Network (Specific Model)	11	0.913	6895	300.31386224934613	3389979	0.62	3441	614	35033	None
GOMC.bin.1183	88.92	0.27	Gradient Boost (General Model)	11	0.927	5080	266.2485915492958	2439415	0.58	2840	713	24382	None
GOMC.bin.12023	83.2	2.94	Gradient Boost (General Model)	11	0.88	4152	264.1591672263264	2678206	0.66	2978	730	17154	None
GOMC.bin.12041	63.43	2.94	Neural Network (Specific Model)	11	0.914	3724	264.41903409090907	2439559	0.65	2816	715	30522	None
GOMC.bin.12048	68.74	1.87	Neural Network (Specific Model)	11	0.92	5526	338.53656597774244	4159116	0.45	3774	918	23148	None
GOMC.bin.12181	72.21	0.14	Gradient Boost (General Model)	11	0.935	9072	229.50447227191412	410558	0.32	559	61	20899	None
GOMC.bin.12375	33.87	0.05	Neural Network (Specific Model)	11	0.94	27079	332.86054421768705	623276	0.49	588	41	63317	None
GOMC.bin.1238	92.89	0.62	Gradient Boost (General Model)	11	0.895	17321	298.383417672246	2564245	0.57	2569	237	54714	None
GOMC.bin.1244	96.09	0.81	Neural Network (Specific Model)	11	0.924	25412	323.77190635451507	1564706	0.47	1495	85	89100	None
GOMC.bin.1254	63.36	2.97	Gradient Boost (General Model)	11	0.846	7985	278.127418765973	2696170	0.3	2739	399	35777	None
GOMC.bin.12627	55.07	1.89	Gradient Boost (General Model)	11	0.925	4257	261.27748691099475	1776919	0.47	2101	469	13120	None
GOMC.bin.13177	99.36	0.55	Neural Network (Specific Model)	11	0.941	66581	354.4247960848287	3459093	0.36	3065	88	251228	None
GOMC.bin.13354	94.28	2.37	Gradient Boost (General Model)	11	0.921	9428	295.1356344190569	1973436	0.37	2057	295	32005	None
GOMC.bin.13498	75.17	1.15	Gradient Boost (General Model)	11	0.919	6211	302.58920800696256	2268338	0.42	2298	462	19140	None
GOMC.bin.13500	91.73	1.0	Neural Network (Specific Model)	11	0.901	9717	293.43022440392707	2780488	0.37	2852	403	37395	None
GOMC.bin.13506	82.33	1.3	Gradient Boost (General Model)	11	0.907	4682	296.3824032865457	2858492	0.5	2921	713	22428	None
GOMC.bin.136	80.69	0.44	Neural Network (Specific Model)	11	0.916	4190	263.37410861217774	1566634	0.39	1823	480	24316	None
GOMC.bin.13663	95.42	1.14	Neural Network (Specific Model)	11	0.907	25434	322.68261455525607	3165419	0.33	2968	227	157241	None
GOMC.bin.1377	82.08	0.89	Gradient Boost (General Model)	11	0.864	4889	283.05535055350555	2655885	0.5	2710	617	46232	None
GOMC.bin.13806	90.51	1.8	Gradient Boost (General Model)	11	0.94	99064	294.19893899204243	1410972	0.31	1508	30	296423	None
GOMC.bin.13856	91.83	0.81	Gradient Boost (General Model)	11	0.94	44971	308.6892230576441	784122	0.39	798	24	76838	None
GOMC.bin.13881	97.06	2.26	Gradient Boost (General Model)	11	0.875	55035	376.7729950158586	5692120	0.33	4414	228	205224	None
GOMC.bin.13918	94.5	4.2	Gradient Boost (General Model)	11	0.901	15944	350.7111056146426	4714360	0.39	4043	466	114328	None
GOMC.bin.14000	92.64	0.67	Gradient Boost (General Model)	11	0.886	19009	350.32725675378873	5394072	0.55	4553	410	71159	None
GOMC.bin.14006	98.05	0.88	Gradient Boost (General Model)	11	0.878	22944	320.3120184899846	2833446	0.5	2596	214	85921	None
GOMC.bin.14047	99.58	0.04	Neural Network (Specific Model)	11	0.916	89870	255.601593625498	1677670	0.34	2008	30	353303	None
GOMC.bin.14235	95.83	0.01	Gradient Boost (General Model)	11	0.896	20873	296.1401028277635	769658	0.35	778	53	65040	None
GOMC.bin.14398	91.11	1.81	Gradient Boost (General Model)	11	0.903	34999	382.6591836734694	3108106	0.6	2450	147	124098	None
GOMC.bin.14654	66.91	0.22	Gradient Boost (General Model)	11	0.935	6914	250.5453237410072	557044	0.46	695	100	45860	None
GOMC.bin.14661	81.0	3.37	Gradient Boost (General Model)	11	0.912	4840	287.0704181075134	2997616	0.67	3181	750	44558	None
GOMC.bin.14666	90.06	7.33	Gradient Boost (General Model)	11	0.935	12382	320.4253875968992	5295537	0.69	5160	669	98979	None
GOMC.bin.14668	83.39	0.7	Gradient Boost (General Model)	11	0.928	9536	314.49763655462186	3866074	0.63	3808	571	38388	None
GOMC.bin.14794	94.07	1.78	Gradient Boost (General Model)	11	0.928	42582	338.14473684210526	1741923	0.49	1596	60	130117	None
GOMC.bin.14871	96.48	4.53	Gradient Boost (General Model)	11	0.889	9558	336.30590032461333	5940466	0.37	5237	898	71063	None
GOMC.bin.14885	94.46	2.37	Gradient Boost (General Model)	11	0.918	13582	316.6216748768473	3142460	0.38	3045	395	89465	None
GOMC.bin.1490	58.87	1.99	Gradient Boost (General Model)	11	0.919	3531	267.8360759493671	1378019	0.44	1580	430	16696	None
GOMC.bin.14912	88.31	2.58	Gradient Boost (General Model)	11	0.906	8462	298.0546686018384	2034092	0.6	2067	340	34640	None
GOMC.bin.15177	81.08	8.41	Gradient Boost (General Model)	11	0.928	5553	288.55111607142857	4167484	0.54	4480	920	25028	None
GOMC.bin.153	81.71	4.89	Gradient Boost (General Model)	11	0.903	4857	305.03846153846155	1658021	0.4	1638	417	26248	None
GOMC.bin.15368	83.45	5.75	Gradient Boost (General Model)	11	0.866	13687	356.9160234640321	7999254	0.5	6478	807	59579	None
GOMC.bin.15370	72.9	0.64	Gradient Boost (General Model)	11	0.888	5959	271.32409793814435	1420561	0.48	1552	265	24457	None
GOMC.bin.15379	59.09	0.23	Gradient Boost (General Model)	11	0.926	4639	292.7322768974145	1134708	0.3	1199	291	32527	None
GOMC.bin.15440	75.8	0.77	Gradient Boost (General Model)	11	0.944	4278	290.58528428093643	2204496	0.57	2392	595	17124	None
GOMC.bin.15523	97.24	3.43	Gradient Boost (General Model)	11	0.911	35128	301.4146981627297	2265087	0.47	2286	120	109772	None
GOMC.bin.15656	95.71	3.85	Gradient Boost (General Model)	11	0.851	61557	326.5545915861843	7005647	0.55	6109	281	327370	None
GOMC.bin.15789	84.21	0.66	Neural Network (Specific Model)	11	0.913	4314	264.36560432952496	1441853	0.42	1663	380	19406	None
GOMC.bin.15817	62.81	2.11	Gradient Boost (General Model)	11	0.911	3938	278.6665576985943	2801594	0.66	3059	809	15102	None
GOMC.bin.1588	64.79	1.95	Neural Network (Specific Model)	11	0.911	4501	302.34621174109384	1981619	0.38	1993	469	48061	None
GOMC.bin.15890	87.95	0.29	Neural Network (Specific Model)	11	0.938	14970	297.32480995162405	1373010	0.38	1447	153	61698	None
GOMC.bin.1600	83.79	1.76	Gradient Boost (General Model)	11	0.9	4042	283.7325581395349	405999	0.4	430	117	10162	None
GOMC.bin.16098	80.47	3.15	Gradient Boost (General Model)	11	0.837	5765	262.3824435318275	3658582	0.49	3896	719	20872	None
GOMC.bin.1622	59.08	0.79	Gradient Boost (General Model)	11	0.936	1998	225.40130861504906	1319685	0.55	1834	692	7255	None
GOMC.bin.1633	60.49	1.18	Gradient Boost (General Model)	11	0.904	4976	283.61248593925757	1669689	0.6	1778	394	18115	None
GOMC.bin.1707	60.99	1.13	Gradient Boost (General Model)	11	0.96	3424	274.46023926812103	1214758	0.5	1421	376	11098	None
GOMC.bin.1746	74.13	1.33	Gradient Boost (General Model)	11	0.867	2893	231.29671457905545	777517	0.55	974	326	11623	None
GOMC.bin.1756	75.63	2.11	Gradient Boost (General Model)	11	0.901	3030	260.512467435802	2325670	0.6	2687	879	12999	None
GOMC.bin.192	90.78	1.72	Gradient Boost (General Model)	11	0.932	4799	310.0947414167753	2292837	0.37	2301	613	27788	None
GOMC.bin.1941	80.58	2.79	Gradient Boost (General Model)	11	0.915	4437	292.9470899470899	2355696	0.59	2457	609	18456	None
GOMC.bin.2007	85.62	0.36	Gradient Boost (General Model)	11	0.901	9957	328.16646598434676	3622501	0.62	3322	509	38406	None
GOMC.bin.2022	97.43	1.4	Gradient Boost (General Model)	11	0.884	28649	302.89536550406115	2146403	0.5	2093	103	99334	None
GOMC.bin.205	93.17	2.39	Gradient Boost (General Model)	11	0.912	3961	268.7027334851936	2325118	0.46	2634	702	21002	None
GOMC.bin.2164	80.41	2.89	Gradient Boost (General Model)	11	0.901	3345	278.8463073852295	2321316	0.63	2505	748	15288	None
GOMC.bin.2405	80.03	3.91	Gradient Boost (General Model)	11	0.922	3148	238.77756921633036	1652144	0.38	2131	616	23027	None
GOMC.bin.2412	96.71	0.55	Gradient Boost (General Model)	11	0.919	7809	290.8372401592216	2139411	0.46	2261	395	29062	None
GOMC.bin.2460	67.82	0.36	Gradient Boost (General Model)	11	0.942	3782	251.31459731543623	951172	0.63	1192	285	15731	None
GOMC.bin.2470	71.02	0.93	Gradient Boost (General Model)	11	0.936	2774	236.37161607875308	920747	0.42	1219	378	13032	None
GOMC.bin.2555	91.01	0.28	Gradient Boost (General Model)	11	0.859	8057	359.08211143695013	2564569	0.31	2046	398	23587	None
GOMC.bin.2660	70.53	0.34	Gradient Boost (General Model)	11	0.909	3907	266.1265120967742	1740003	0.47	1984	494	13417	None
GOMC.bin.2685	97.14	0.01	Gradient Boost (General Model)	11	0.888	21245	326.2892720306513	2872486	0.44	2610	178	61172	None
GOMC.bin.269	87.05	0.34	Gradient Boost (General Model)	11	0.937	3992	325.7951807228916	2245538	0.38	2158	701	16813	None
GOMC.bin.2784	74.7	0.81	Gradient Boost (General Model)	11	0.912	3659	296.19212410501194	3261201	0.45	3352	1012	14688	None
GOMC.bin.2802	69.11	2.08	Gradient Boost (General Model)	11	0.882	2978	208.5537688442211	1408618	0.62	1990	558	10469	None
GOMC.bin.2838	81.96	7.94	Gradient Boost (General Model)	11	0.891	15855	296.90144478844167	1930939	0.39	1938	159	56577	None
GOMC.bin.2902	53.9	1.84	Neural Network (Specific Model)	11	0.905	9084	285.8785046728972	1212673	0.4	1284	143	23827	None
GOMC.bin.2931	98.35	1.14	Gradient Boost (General Model)	11	0.924	28037	347.38894681960375	2158856	0.47	1918	131	64294	None
GOMC.bin.2969	79.84	0.73	Gradient Boost (General Model)	11	0.939	7502	258.2590738423029	657154	0.36	799	124	24920	None
GOMC.bin.3028	59.25	0.37	Gradient Boost (General Model)	11	0.899	1840	184.3297328027288	1075942	0.44	1759	574	14971	None
GOMC.bin.3036	78.58	1.49	Gradient Boost (General Model)	11	0.921	6208	250.59431279620853	858160	0.48	1055	194	27512	None
GOMC.bin.3083	46.66	0.37	Neural Network (Specific Model)	11	0.907	5125	234.19088937093275	710877	0.44	922	158	14924	None
GOMC.bin.313	87.56	1.36	Gradient Boost (General Model)	11	0.921	4073	264.0088	2146260	0.48	2500	629	14687	None
GOMC.bin.3252	86.98	2.7	Gradient Boost (General Model)	11	0.9	3679	296.8612877583466	2488239	0.36	2516	795	15929	None
GOMC.bin.3253	97.49	0.0	Gradient Boost (General Model)	11	0.896	8396	295.23620522749275	1019508	0.37	1033	180	20720	None
GOMC.bin.3254	88.47	0.26	Gradient Boost (General Model)	11	0.963	3445	245.7098515519568	1127094	0.51	1482	403	15385	None
GOMC.bin.328	85.83	0.78	Gradient Boost (General Model)	11	0.908	5353	263.5673438675696	2310231	0.57	2658	560	23618	None
GOMC.bin.3422	67.86	1.44	Gradient Boost (General Model)	11	0.929	2468	213.68549280177186	1241309	0.38	1806	563	8687	None
GOMC.bin.343	56.06	0.19	Neural Network (Specific Model)	11	0.935	4146	257.33811171527435	1666967	0.28	2023	454	15372	None
GOMC.bin.3449	93.0	1.31	Gradient Boost (General Model)	11	0.905	23819	351.44022169437847	2936375	0.7	2526	192	93356	None
GOMC.bin.3486	78.18	0.07	Neural Network (Specific Model)	11	0.94	6945	282.62254545454545	1236688	0.28	1375	255	33770	None
GOMC.bin.3488	74.67	0.2	Gradient Boost (General Model)	11	0.949	31334	309.0567164179104	971626	0.5	1005	59	73689	None
GOMC.bin.3489	92.27	0.41	Gradient Boost (General Model)	11	0.934	13417	301.014064697609	2057423	0.35	2133	212	61291	None
GOMC.bin.3516	86.74	5.64	Gradient Boost (General Model)	11	0.901	4002	273.11672278338943	809727	0.31	891	251	11841	None
GOMC.bin.3549	97.48	0.25	Gradient Boost (General Model)	11	0.889	35487	330.8358208955224	3811275	0.59	3417	193	103676	None
GOMC.bin.3574	91.54	3.6	Gradient Boost (General Model)	11	0.956	7047	287.43246810382755	2042891	0.65	2273	370	36088	None
GOMC.bin.3606	86.46	4.16	Gradient Boost (General Model)	11	0.897	4641	272.2634386540829	2214465	0.59	2437	595	14993	None
GOMC.bin.3663	81.66	1.13	Gradient Boost (General Model)	11	0.914	10380	298.89252767527677	2123057	0.48	2168	266	31825	None
GOMC.bin.3707	91.92	2.39	Gradient Boost (General Model)	11	0.926	7292	279.6776960784314	735806	0.43	816	131	21336	None
GOMC.bin.3725	95.22	0.0	Gradient Boost (General Model)	11	0.914	23796	330.1456621004566	2368326	0.45	2190	155	79318	None
GOMC.bin.3735	82.35	2.87	Gradient Boost (General Model)	11	0.916	3831	259.027365129007	2164712	0.59	2558	704	11527	None
GOMC.bin.3807	88.58	1.21	Gradient Boost (General Model)	11	0.918	7516	297.0594142259414	2315196	0.62	2390	415	38190	None
GOMC.bin.3817	76.6	3.28	Gradient Boost (General Model)	11	0.933	2495	294.4922613929493	2200177	0.53	2326	981	11006	None
GOMC.bin.382	90.68	0.18	Gradient Boost (General Model)	11	0.944	11340	358.45122681029324	1900891	0.57	1671	261	36984	None
GOMC.bin.3823	63.67	1.49	Neural Network (Specific Model)	11	0.914	3929	258.1451247165533	1864399	0.65	2205	539	15367	None
GOMC.bin.3825	97.18	0.06	Gradient Boost (General Model)	11	0.946	10659	339.3633770678836	1880217	0.58	1753	263	56854	None
GOMC.bin.3840	90.72	1.25	Gradient Boost (General Model)	11	0.864	15372	291.4385542168675	838679	0.39	830	92	41987	None
GOMC.bin.3841	62.46	2.22	Gradient Boost (General Model)	11	0.942	2055	231.75835073068893	1409702	0.59	1916	715	6968	None
GOMC.bin.3880	77.28	0.62	Neural Network (Specific Model)	11	0.948	5425	264.3426371511068	1732134	0.7	2078	400	17271	None
GOMC.bin.3887	62.47	0.12	Neural Network (Specific Model)	11	0.928	7996	253.1635687732342	1316188	0.55	1614	213	30268	None
GOMC.bin.3941	97.6	0.42	Gradient Boost (General Model)	11	0.916	47577	335.32163229486616	2496178	0.48	2279	91	122304	None
GOMC.bin.4006	78.28	3.47	Gradient Boost (General Model)	11	0.932	3468	269.56426484907496	1780560	0.33	2054	618	13326	None
GOMC.bin.4034	84.31	0.43	Gradient Boost (General Model)	11	0.849	4341	295.4678899082569	681976	0.29	654	178	13719	None
GOMC.bin.4086	60.65	1.05	Gradient Boost (General Model)	11	0.924	4056	269.3151796060255	2258879	0.55	2589	605	18597	None
GOMC.bin.4140	73.28	0.44	Neural Network (Specific Model)	11	0.955	3515	270.61974904528097	1552679	0.4	1833	535	21365	None
GOMC.bin.4151	93.31	0.74	Neural Network (Specific Model)	11	0.953	13023	292.45964912280704	1306319	0.37	1425	150	57794	None
GOMC.bin.4175	96.65	1.33	Neural Network (Specific Model)	11	0.928	17277	280.1077708451503	1588905	0.53	1763	147	78307	None
GOMC.bin.4265	68.73	1.5	Neural Network (Specific Model)	11	0.917	4615	265.14654688377317	1540675	0.53	1781	381	18283	None
GOMC.bin.4275	85.56	0.46	Neural Network (Specific Model)	11	0.915	7606	303.7311725452812	2085888	0.63	2098	352	34369	None
GOMC.bin.4299	64.21	1.51	Gradient Boost (General Model)	11	0.932	2318	243.13993174061434	1601085	0.51	2051	758	11242	None
GOMC.bin.4426	99.77	1.18	Neural Network (Specific Model)	11	0.876	33744	280.2343114157207	4470068	0.55	4669	245	114026	None
GOMC.bin.4436	97.76	1.42	Gradient Boost (General Model)	11	0.826	25562	306.5522466728159	8432627	0.45	7589	535	125631	None
GOMC.bin.4528	85.99	1.42	Neural Network (Specific Model)	11	0.851	8292	284.362605408549	3440147	0.39	3439	489	42323	None
GOMC.bin.4660	94.37	3.28	Gradient Boost (General Model)	11	0.905	56649	324.63142218912884	2885768	0.52	2686	115	183447	None
GOMC.bin.4705	90.79	0.85	Gradient Boost (General Model)	11	0.952	6287	316.33975084937714	1757006	0.54	1766	353	22019	None
GOMC.bin.4728	79.05	1.56	Gradient Boost (General Model)	11	0.911	19115	365.0806577916993	3066830	0.31	2554	253	70414	None
GOMC.bin.4844	90.37	4.05	Neural Network (Specific Model)	11	0.928	16463	305.5793492695883	2969004	0.43	3012	286	103873	None
GOMC.bin.4845	80.93	5.55	Neural Network (Specific Model)	11	0.929	12234	303.8213023725391	1939936	0.34	1981	252	61128	None
GOMC.bin.5027	80.42	4.35	Gradient Boost (General Model)	11	0.956	4735	306.52392231170063	2027357	0.62	2111	514	21911	None
GOMC.bin.5113	82.07	2.9	Neural Network (Specific Model)	11	0.914	5940	279.8135759960649	1863282	0.51	2033	403	35624	None
GOMC.bin.5183	94.25	0.57	Gradient Boost (General Model)	11	0.903	21906	325.0751034890597	3646306	0.68	3382	267	71868	None
GOMC.bin.5245	98.16	0.13	Neural Network (Specific Model)	11	0.917	330154	301.48753894080994	3160187	0.55	3210	15	1450499	None
GOMC.bin.5312	92.68	1.18	Neural Network (Specific Model)	11	0.875	58762	322.99906855439644	5940143	0.61	5368	192	362915	None
GOMC.bin.540	63.25	1.87	Neural Network (Specific Model)	11	0.948	2553	246.78548895899053	1233865	0.42	1585	539	15024	None
GOMC.bin.5423	80.35	2.97	Neural Network (Specific Model)	11	0.857	5909	282.03188775510205	3094081	0.45	3136	610	25523	None
GOMC.bin.548	80.77	1.16	Gradient Boost (General Model)	11	0.915	2205	265.98219104155424	1611213	0.42	1853	789	8194	None
GOMC.bin.6483	97.75	2.28	Neural Network (Specific Model)	11	0.844	105756	229.25618758141553	1872274	0.37	2303	24	292292	None
GOMC.bin.6484	96.41	0.74	Gradient Boost (General Model)	11	0.932	61418	336.74370594159114	2146644	0.45	1986	60	139350	None
GOMC.bin.6582	75.14	0.81	Gradient Boost (General Model)	11	0.922	4419	287.27988748241916	1327174	0.41	1422	298	15481	None
GOMC.bin.659	85.56	0.91	Gradient Boost (General Model)	11	0.966	2882	225.8134328358209	559831	0.44	804	218	11455	None
GOMC.bin.674	71.67	2.49	Gradient Boost (General Model)	11	0.907	2218	235.78377041068777	1573873	0.48	2021	776	9576	None
GOMC.bin.7012	54.61	1.45	Neural Network (Specific Model)	11	0.935	4040	210.4416996047431	681100	0.34	1012	198	24201	None
GOMC.bin.7083	58.6	2.62	Gradient Boost (General Model)	11	0.964	3663	283.84814814814814	951536	0.43	1080	284	15182	None
GOMC.bin.7121	58.97	4.45	Gradient Boost (General Model)	11	0.945	4570	302.44498186215236	1584618	0.52	1654	413	13953	None
GOMC.bin.7284	64.74	1.44	Gradient Boost (General Model)	11	0.914	3682	265.5616311399444	1877670	0.5	2158	549	14135	None
GOMC.bin.7423	86.05	0.12	Neural Network (Specific Model)	11	0.91	179131	334.69524336283183	3983559	0.42	3616	41	395340	None
GOMC.bin.7546	93.93	2.76	Gradient Boost (General Model)	11	0.914	8804	253.77716643741402	1206509	0.33	1454	186	23864	None
GOMC.bin.7556	92.82	2.53	Gradient Boost (General Model)	11	0.886	19540	305.35668639053256	4361568	0.68	4225	375	88270	None
GOMC.bin.7659	92.68	5.23	Gradient Boost (General Model)	11	0.948	14253	312.85291214215204	1998296	0.37	2026	243	48574	None
GOMC.bin.773	61.22	0.34	Neural Network (Specific Model)	11	0.893	3388	224.33066132264528	1122730	0.43	1497	396	15959	None
GOMC.bin.7764	96.3	0.02	Gradient Boost (General Model)	11	0.867	23660	287.379115710254	2106893	0.49	2126	120	101608	None
GOMC.bin.7796	88.96	0.75	Gradient Boost (General Model)	11	0.924	8248	290.05017367811655	2433650	0.67	2591	405	32584	None
GOMC.bin.7823	66.37	3.87	Gradient Boost (General Model)	11	0.926	10976	310.68333333333334	3316508	0.64	3300	450	66605	None
GOMC.bin.7847	89.42	1.02	Gradient Boost (General Model)	11	0.918	32746	277.0109465550547	1402888	0.33	1553	77	85157	None
GOMC.bin.798	82.08	1.42	Gradient Boost (General Model)	11	0.864	5559	311.02470355731225	2181003	0.44	2024	483	23614	None
GOMC.bin.8221	100.0	0.12	Neural Network (Specific Model)	11	0.905	164928	324.2377450980392	3501979	0.65	3264	39	521986	None
GOMC.bin.8270	75.73	6.52	Gradient Boost (General Model)	11	0.92	5439	241.55747747747748	2180316	0.46	2775	467	27265	None
GOMC.bin.8293	89.43	0.67	Gradient Boost (General Model)	11	0.939	26905	272.78508217446273	687968	0.35	791	51	70498	None
GOMC.bin.8338	85.08	3.34	Gradient Boost (General Model)	11	0.926	7249	302.15683288922725	2565343	0.48	2627	458	43712	None
GOMC.bin.8400	86.72	4.24	Gradient Boost (General Model)	11	0.898	12978	292.68014571949	2677244	0.56	2745	320	57332	None
GOMC.bin.8457	85.58	3.31	Gradient Boost (General Model)	11	0.827	7397	313.33145561063543	5038245	0.48	4438	856	31492	None
GOMC.bin.8546	100.0	0.49	Neural Network (Specific Model)	11	0.92	72878	348.96779874213837	4516533	0.41	3975	113	201343	None
GOMC.bin.8556	97.02	0.0	Gradient Boost (General Model)	11	0.912	155575	326.11332923832924	3487032	0.54	3256	39	495040	None
GOMC.bin.8606	100.0	1.02	Gradient Boost (General Model)	11	0.85	45566	346.5520469692161	7697262	0.43	6302	263	194636	None
GOMC.bin.8647	99.34	0.56	Gradient Boost (General Model)	11	0.919	82949	367.56633455689564	6855997	0.66	5721	150	236755	None
GOMC.bin.8681	71.98	3.2	Neural Network (Specific Model)	11	0.84	3531	275.05650684931504	2865201	0.37	2920	890	19909	None
GOMC.bin.8722	89.06	5.92	Neural Network (Specific Model)	11	0.922	37348	329.35799373040754	3413849	0.6	3190	187	147291	None
GOMC.bin.8751	83.88	0.52	Neural Network (Specific Model)	11	0.902	11034	286.62083450014	3397532	0.51	3571	406	36589	None
GOMC.bin.8798	88.7	2.95	Gradient Boost (General Model)	11	0.949	10816	331.69111617312075	2297308	0.59	2195	280	72444	None
GOMC.bin.8817	91.26	0.01	Gradient Boost (General Model)	11	0.919	32346	328.88879384088966	2506152	0.57	2338	156	85019	None
GOMC.bin.888	86.94	0.8	Neural Network (Specific Model)	11	0.906	7204	255.8388411045722	1867108	0.48	2209	328	22398	None
GOMC.bin.8881	91.52	2.86	Gradient Boost (General Model)	11	0.92	16835	361.5904090267983	4172881	0.7	3545	415	65173	None
GOMC.bin.8940	82.04	0.38	Gradient Boost (General Model)	11	0.932	14910	293.3037230568256	1443766	0.48	1531	149	50338	None
GOMC.bin.9011	88.41	3.27	Gradient Boost (General Model)	11	0.904	11932	285.1231069858329	1933217	0.51	2047	235	96667	None
GOMC.bin.9023	79.54	1.38	Gradient Boost (General Model)	11	0.901	5292	258.147572815534	1325436	0.6	1545	301	18523	None
GOMC.bin.9117	81.99	1.63	Gradient Boost (General Model)	11	0.882	7056	294.2606425702811	2489637	0.52	2490	475	34524	None
GOMC.bin.9164	86.72	0.81	Neural Network (Specific Model)	11	0.863	7235	283.4040312876053	3269225	0.44	3324	531	30647	None
GOMC.bin.9165	75.59	2.24	Gradient Boost (General Model)	11	0.865	5617	302.7088607594937	3646710	0.71	3476	789	26810	None
GOMC.bin.918	70.98	0.08	Neural Network (Specific Model)	11	0.899	12289	353.44201312910286	2693015	0.46	2285	299	52196	None
GOMC.bin.9272	96.48	0.43	Gradient Boost (General Model)	11	0.938	32738	334.4948016942626	2770046	0.67	2597	167	105661	None
GOMC.bin.9306	95.13	1.09	Gradient Boost (General Model)	11	0.881	7553	360.4839710444674	4730688	0.56	3868	782	50678	None
GOMC.bin.9438	89.86	0.16	Gradient Boost (General Model)	11	0.889	10458	257.40923076923076	563532	0.35	650	81	31006	None
GOMC.bin.9445	94.29	3.85	Neural Network (Specific Model)	11	0.894	23346	325.3060825892857	3906515	0.32	3584	306	91527	None
GOMC.bin.9455	100.0	0.82	Gradient Boost (General Model)	11	0.926	62758	321.4604691572546	2391633	0.45	2302	71	156113	None
GOMC.bin.9554	55.98	1.7	Gradient Boost (General Model)	11	0.959	3548	281.5985714285714	1228813	0.48	1400	377	17303	None
GOMC.bin.9644	67.41	0.03	Neural Network (Specific Model)	11	0.829	5842	222.2371905584341	1391640	0.44	1737	280	14985	None
GOMC.bin.9744	99.35	0.12	Gradient Boost (General Model)	11	0.873	28465	321.8817047817048	5311956	0.45	4810	297	114364	None
GOMC.bin.9745	96.14	0.5	Gradient Boost (General Model)	11	0.924	127212	368.44291952588895	5736913	0.55	4809	87	321827	None
GOMC.bin.9855	91.15	0.26	Gradient Boost (General Model)	11	0.897	24292	271.40745341614905	729729	0.51	805	40	66940	None
GOMC.bin.997	79.53	2.57	Gradient Boost (General Model)	11	0.924	3055	285.83007388092136	2131520	0.48	2301	798	12242	None
